row_index_1b,PC1,PC2,group
1,-2019.0165163870774,-4247.702916624401,real
2,-2178.947432641166,-4280.218091576177,fake
3,-2266.739080514862,-4465.796461575665,fake
4,-2310.6555108882853,-4348.4490294440075,fake
5,-2154.442830918398,-4981.154743290973,fake
6,-2081.540144961782,-5586.225219823452,fake
7,-2039.7751764492198,-5829.047803459622,fake
8,-2198.8264961961577,-5542.061503780793,fake
9,-2077.23667447733,-6196.996101960987,fake
10,-2001.5308179382937,-6742.992471503899,fake
11,-2010.0084438506105,-6792.74365764614,fake
12,-2257.861850803633,-6376.78803641586,fake
13,-2235.3196601733002,-6671.819495162469,fake
14,-2121.626111606017,-7058.871885005751,fake
15,-2102.62719330909,-7063.980260169017,fake
16,-2206.0824097347013,-7113.992211976642,fake
17,-2553.6974877405655,-6416.78452875005,fake
18,-2700.635114792908,-6133.663461906159,fake
19,-2961.2030320489043,-5802.741433797978,fake
20,-2856.1221637737503,-6002.221481715519,fake
21,-3421.27161320385,-4818.900089013992,fake
22,-3415.7776897865856,-4562.224793984586,fake
23,-3558.7847744550236,-4426.684058212163,fake
24,-3779.8692034739447,-3819.883090284852,fake
25,-3743.079275264765,-3937.098618783238,fake
26,-4262.0073106054415,-2595.6855562092255,fake
27,-4333.616622997761,-2480.1414868305806,fake
28,-4146.656644882267,-2929.992876646108,fake
29,-4160.414329260594,-3173.301424032625,fake
30,-4160.063729364419,-3075.799421696944,fake
31,-3974.660893213802,-3650.057342463786,fake
32,-4080.9125252496,-3289.3851720266853,fake
33,-3921.7852197088814,-3550.5304806330105,fake
34,-3918.201198778364,-3542.4428336278543,fake
35,-3906.6893099754307,-3533.70024295487,fake
36,-3587.5066276343027,-4234.31605242591,fake
37,-3711.9781663502895,-3907.5760147516785,fake
38,-3763.13665345206,-3909.239411727806,fake
39,-3765.3696908203506,-3656.106960585124,fake
40,-3855.926920892698,-3456.7626660767705,fake
41,-3748.7406525174583,-3608.32337456103,fake
42,-4036.99814838651,-3023.560262516021,fake
43,-3928.4434051590833,-3315.3901826114493,fake
44,-3805.337758698694,-3535.8326408892735,fake
45,-3923.060588426312,-3325.8956080406306,fake
46,-3831.9173279177753,-3164.352412835801,fake
47,-4020.175391439875,-3052.019575265288,fake
48,-4144.867667860572,-2504.896702675399,fake
49,-4227.353934641064,-2418.274757267045,fake
50,-4221.342939705327,-2278.9008204090846,fake
51,-4311.624274978131,-2084.3319791226018,fake
52,-4275.974980586044,-2256.0759354518846,fake
53,-4389.932316001399,-1904.748754472909,fake
54,-4287.858533613018,-1737.779720323553,fake
55,-4448.984031529391,-1315.892975176292,fake
56,-4626.184129568346,-1017.0235780019169,fake
57,-4625.729970976112,-830.6977223522855,fake
58,-4730.948139403846,-740.4225483472146,fake
59,-4609.472832834315,-672.979761172573,fake
60,-4856.528242962269,-200.28895831998386,fake
61,-4999.497719876891,-30.208685647026947,fake
62,-5063.531015163228,-11.004865960932408,fake
63,-5009.537829321448,98.12550558334544,fake
64,-5188.43135086885,453.1454330019103,fake
65,-5385.71016460511,810.6152982292543,real
66,-5072.710809425304,876.1696988775516,fake
67,-5114.0451924092695,1110.2457600133246,fake
68,-4939.319718369959,716.1014308373049,fake
69,-4637.729527725854,1163.2889747044292,fake
70,-4724.133188489514,1601.2975373401823,fake
71,-4419.392235571647,1329.5175497752389,fake
72,-4342.122717963161,1533.4426432649616,fake
73,-4127.079566798234,2294.508650739886,fake
74,-4015.9527939405007,2526.847929077361,fake
75,-3954.58808229536,2673.0244383901204,fake
76,-3589.145500339642,2589.5059564363746,fake
77,-3804.3418482799602,2938.0453048817367,fake
78,-3733.4603886965515,3027.1399539045588,fake
79,-3055.292699894986,3563.0606156899657,fake
80,-3100.2539451977636,3880.607991797565,fake
81,-2911.6508000027325,3744.288946040621,fake
82,-3062.829381865621,4235.981240958962,fake
83,-2796.072045132534,4530.341040378926,fake
84,-2755.0058537103682,4750.017601718976,fake
85,-2910.261794467687,4304.368549883565,fake
86,-2959.5798534675832,4266.608825148686,fake
87,-3154.217014992272,4415.799131176332,fake
88,-2683.5354452235106,4949.966212513358,fake
89,-2557.5996596570926,4554.530439202028,fake
90,-2728.520886461281,4675.251842125681,fake
91,-2850.339435549688,5051.011098622643,fake
92,-2760.299483044064,4797.753590249415,fake
93,-2823.2200892938245,4754.277381146679,fake
94,-2909.716426487145,4760.110039918287,fake
95,-2565.0252362306933,5305.144838713235,fake
96,-2594.145792992728,4951.218812685241,fake
97,-2160.720575745236,5030.597330047653,real
98,-2414.8533369637958,5023.203318790466,fake
99,-2388.0071818958177,4293.60736089489,fake
100,-1880.188848415767,5016.933293229879,fake
101,-1775.3323455243565,4901.047368392284,fake
102,-2362.2373954298,5054.540015955245,fake
103,-1706.5748001322113,4639.5270516621795,fake
104,-1342.7214225037342,4761.609459207656,fake
105,-1166.9333414653054,4881.5918413318595,fake
106,-1005.6818834201669,4731.151949925259,fake
107,-1267.7143310662977,4936.369728513081,fake
108,-1121.9740051205047,5128.558433605311,fake
109,-136.23372107190144,4309.165136591282,fake
110,-1826.724199815678,5389.42738288671,fake
111,-1102.1919141440058,4775.3375141276265,fake
112,85.74932697332702,4921.715482926248,fake
113,-223.85970549003017,5274.090491527996,fake
114,240.91021734427272,4714.9599750205,fake
115,-110.50776236998445,4930.350699461441,fake
116,473.3730980250997,4891.8573736468,fake
117,1003.3578599430912,4336.665906372402,fake
118,1193.1828982154857,4115.695762159231,fake
119,1204.5285243531787,4138.699730076801,fake
120,1669.6195748466228,3273.5820691639374,fake
121,2284.2370375019955,2367.637595616719,fake
122,2164.396426401617,2238.3222938965014,fake
123,1840.3952353007103,2825.8222120227115,fake
124,1312.0109089449702,3963.232110327338,fake
125,2405.0917879033354,2655.2866304537033,fake
126,2229.170730218583,2610.8334802308354,fake
127,1601.1029909075673,3297.5559398145497,fake
128,2093.6192220175667,2858.006581157454,fake
129,2107.477402524809,2276.8427294277258,real
130,1359.7692756675658,2802.417109776078,fake
131,1069.23086691393,2755.183480082747,fake
132,32.22432443124109,3390.549596103998,fake
133,451.8720243475611,2340.7553863945927,fake
134,44.759760388836696,2178.5623248836982,fake
135,2.17876744835829,1761.712759772727,fake
136,-186.54987967348228,1519.384176760459,fake
137,-573.048369439483,1728.4707104331237,fake
138,-559.4652061683306,1209.4634696122687,fake
139,-2150.1919336720553,1483.3553516528314,fake
140,-2927.514163202849,1646.7852477094636,fake
141,-3209.0615734391663,2129.73443485681,fake
142,-2849.5357473039985,953.3289225104376,fake
143,-2883.9991327467883,471.89433117740685,fake
144,-2481.560529710746,58.34685232078571,fake
145,-2751.3411010531418,99.94640860271436,fake
146,-3648.8451831801276,849.2641988836572,fake
147,-3329.540329399887,-92.53368041003824,fake
148,-3135.0383960562417,285.47601832881327,fake
149,-3394.5974637230074,144.02206605449254,fake
150,-2976.972348326894,-433.8415721327126,fake
151,-2919.3845741335676,-600.6109545853267,fake
152,-2720.583692350049,-775.8415247163357,fake
153,-2480.4665509813403,-934.3015862950608,fake
154,-2160.7645756383395,-1795.870356706532,fake
155,-2049.9594040374304,-1675.3983684213194,fake
156,-1704.6348260103323,-2440.239576679885,fake
157,-1693.6106676588495,-1964.9818844758586,fake
158,-1457.1682093710024,-1979.8587810306467,fake
159,-1267.7898347226703,-2294.3089544419,fake
160,-1104.5101544222612,-2424.1408646748637,fake
161,-904.1112631423537,-3379.322399307923,real
162,-849.2468964162367,-2709.6974486223926,fake
163,-1191.9514210283198,-1642.239926471539,fake
164,-1103.1984046025011,-1886.3947903921844,fake
165,-814.8130978275814,-2464.787898604101,fake
166,-1383.2003590435538,-625.2673340409106,fake
167,-1170.772985411669,-1249.5760180268278,fake
168,-1241.6648396711323,-700.5518751157239,fake
169,-1240.5136963070609,-978.4780165720841,fake
170,-1227.9072727037085,-474.7284108294997,fake
171,-1192.6218449786795,-385.45419033602474,fake
172,-1307.1926169249748,-421.0174997796501,fake
173,-958.1101367900014,-106.47462955166819,fake
174,-858.3983615733547,-387.7995446467603,fake
175,-1929.498139255447,574.1054247094406,fake
176,-2032.5249880865924,789.6601055948381,fake
177,-2645.1265231398547,992.0108773426866,fake
178,-2075.643636837204,1066.5185423188298,fake
179,-2213.2027252598346,456.7364036357959,fake
180,-2050.1061069721086,453.1202767577286,fake
181,-2460.1179377414483,-217.79892311033626,fake
182,-2624.540692608033,908.052024861979,fake
183,-2486.385595318225,469.68274420702176,fake
184,-2665.483532198019,245.23289057979207,fake
185,-2518.681152692325,-357.89831056007995,fake
186,-2220.685086985947,-1203.049128812639,fake
187,-2441.283300902072,-120.43326482278741,fake
188,-2471.6956339027133,-445.4541583343051,fake
189,-2115.003789723004,-1158.8870655950627,fake
190,-2417.8759337838014,-729.8148620987017,fake
191,-2250.177611008987,-1471.2772914747482,fake
192,5608.940512982263,-3841.3141774242245,fake
193,5617.62250264873,-3087.314724427976,real
194,7486.872116527017,-3299.3557256377007,real
195,7578.518988666855,-3246.8312982037783,fake
196,7331.337989278436,-2900.3161187112273,fake
197,7421.887729014165,-1805.0129634821412,fake
198,7429.5544122995825,-1858.0840039271307,fake
199,7256.858631977379,-1707.1694728290315,fake
200,6868.1437869119545,-2072.4423751078216,fake
201,7335.663647938912,-2847.372804439182,fake
202,7039.478467907522,1877.3374087216268,fake
203,6831.715355783665,1769.192772199803,fake
204,6694.968290187106,2212.492334327276,fake
205,6615.024908505491,2129.4291845140756,fake
206,6694.89067258448,841.0339026001408,fake
207,6498.184537318498,669.0923417816913,fake
208,6626.442784577671,1060.7297898271104,fake
209,5992.531037119113,2248.478814535765,fake
210,6122.48730720866,2314.6074911367414,fake
211,6490.826035342548,1728.270589701545,fake
212,6055.02082171635,2238.7162398615424,fake
213,5884.696868199489,2982.228262237035,fake
214,5740.446043682167,2723.4775760657653,fake
215,5062.783239950066,3816.0532752368863,fake
216,5493.734283079357,2740.0483960421266,fake
217,2612.6777623161106,5103.954611733326,fake
218,566.6169548162584,5319.345145069703,fake
219,504.4850063329081,5172.33466304942,fake
220,-37.79193080968444,4280.622325028572,fake
221,-219.76561420338555,4090.0024411480226,fake
222,-491.3370835558026,3686.2423045005876,fake
223,-1175.6129704146376,3606.8448295723606,fake
224,-1397.3775366466102,3395.342603865397,fake
225,-1653.903528718132,3744.0389073051574,fake
226,-1531.471602891742,3128.1278609831074,fake
227,-1668.1084876516447,3668.3422715489833,fake
228,-2308.7245445636822,3342.839319900487,fake
229,-2353.638923585399,2897.0324347298074,fake
230,-2411.073768655287,2592.4856677418875,fake
231,-2467.4742284512263,2384.347716865898,fake
232,-2719.2172080993814,2495.762882315912,fake
233,-2789.8841968707416,2109.308587709821,fake
234,-2721.5476439003714,1515.7289055931155,fake
235,-3115.2633767934035,1641.8148724990635,fake
236,-3105.9508697729148,1327.3823306489685,fake
237,-3061.02247153576,1042.5222049046258,fake
238,-3207.3812231810125,608.2216873492533,fake
239,-3352.4926110734423,651.0167386020441,fake
240,-3602.0296721972163,557.1079734304183,fake
241,-3583.5434423082083,643.8365708618046,fake
242,-3648.4583963196287,237.51136162806029,fake
243,-3787.201371395026,366.031322327088,fake
244,-3821.607093552961,-191.39545845779494,fake
245,-3790.82177973981,-133.5502364211418,fake
246,-3985.939153573753,-589.1941460102081,fake
247,-4100.6889978720765,-703.3389593833676,fake
248,-4165.005690978776,-1054.0046351652775,fake
249,-4252.173896450984,-930.125339287357,fake
250,-4516.671205763587,-1102.8760567072347,fake
251,-4480.390658568706,-1252.7930822621377,fake
252,-4555.7113611322275,-1450.4811407559307,fake
253,-4740.510619941344,-1670.9788854244118,fake
254,-4649.7180639555545,-2002.4984607165952,fake
255,-4741.147236686135,-1772.3331429764219,fake
256,-4879.68684024214,-2153.89417609007,fake
257,-4813.982454780825,-2681.1808234956675,fake
258,-4829.333058601576,-2785.7938713610247,real
259,-4785.034109524592,-2497.4056634213325,fake
260,-4794.898717745864,-2395.116756286644,fake
261,-4936.316372630093,-2254.722907585801,fake
262,-4733.620397214889,-2193.893304391302,fake
263,-4728.085791236255,-2124.796418014811,fake
264,-4767.931530670606,-1857.007268548701,fake
265,-4883.754253390672,-1276.7920402087425,fake
266,-4696.935922504236,-1803.7760245356365,fake
267,-4705.492973853978,-1414.8969411992064,fake
268,-4669.553338786273,-1390.6602855037854,fake
269,-4585.726951620857,-1614.0761074799664,fake
270,-4609.637857730149,-1577.4516054742032,fake
271,-4651.03087053947,-1442.8173460032588,fake
272,-4593.716678303817,-1472.8414540209735,fake
273,-4686.202293243842,-1306.5498328568683,fake
274,-4683.060351547478,-1367.1722770417887,fake
275,-4767.95659134156,-1018.0881901807601,fake
276,-4665.086453113468,-1320.6610373659003,fake
277,-4690.244990882462,-1273.5041313677516,fake
278,-4980.760587756522,-1127.6415503082403,fake
279,-4796.372423707246,-1177.9239990246608,fake
280,-4819.301165327382,-1216.8085975454885,fake
281,-4987.733323570363,-1090.852688475745,fake
282,-4874.062331161835,-1754.825716933621,fake
283,-5173.339896789615,-1020.5319077975721,fake
284,-5098.508339740699,-1117.0062455871841,fake
285,-5155.751890544838,-1133.582110916144,fake
286,-5370.203195801319,-1071.1085635001182,fake
287,-5311.746465444776,-1133.4855751624993,fake
288,-5200.986942812623,-1791.8606250318514,fake
289,-5197.775848703028,-1644.7499387589503,fake
290,-5589.3981672116715,-1723.4650173291434,real
291,-5257.062091134437,-1261.5487252106523,fake
292,-4940.1424991344065,-1180.3068720035544,fake
293,-4525.708007114845,-1024.0646111774581,fake
294,-4151.499100284884,-715.3203187972621,fake
295,-4322.655581026509,-291.860694675043,fake
296,-3990.8800497124676,-523.5898944439616,fake
297,-3719.4984212879417,-504.93100559569217,fake
298,-3629.90484302841,39.21898484093993,fake
299,-3628.9818816433276,210.75163451097546,fake
300,-3146.1481030629507,484.34054541670713,fake
301,-2777.5909748068566,29.796562770178316,fake
302,-2742.9389183517637,422.9065273131151,fake
303,-2543.627825467203,919.6825958544778,fake
304,-2682.1965799676004,880.8504014538651,fake
305,-2095.2127430526743,1337.4771514219717,fake
306,-2000.3989078202605,1429.4999496023659,fake
307,-1458.414073199804,2108.9844375457405,fake
308,-1921.5184444543447,1681.796434191441,fake
309,-173.1374147265742,1947.0158912940842,fake
310,-611.1989232174168,2009.5909243425472,fake
311,-854.4481832889857,2309.59862305756,fake
312,-527.8054500094621,2325.1169228254153,fake
313,-1494.486271480257,2100.35808932265,fake
314,-1353.6893642700804,2738.9672745911153,fake
315,-1190.8482794340428,2427.9810596908897,fake
316,5859.77424205659,-2224.4636501284526,fake
317,5929.811795244344,-841.0475432970344,fake
318,6331.902065652535,-4926.211153074231,fake
319,6478.394168278978,-5769.2811893635335,fake
320,6241.544545106688,-5939.1609838524655,fake
321,6554.849309614875,-5400.543659254664,fake
322,5884.371850391442,-5394.622836042327,real
323,5887.80036647805,-8713.91366816325,fake
324,-2701.326874959136,-7124.831942101836,fake
325,-2275.393230069682,-8356.542647673254,fake
326,-2066.24380249472,-8775.26175331795,fake
327,-1846.596576886102,-9297.850331380258,fake
328,-1424.048002058706,-10145.303340145138,fake
329,-1434.459017969985,-9960.875391195945,fake
330,-1103.3317414958813,-10910.297743328098,fake
331,-916.8301112998612,-11075.654765792202,fake
332,-769.7037377763708,-11211.484226333094,fake
333,-582.2021245045756,-11452.337694085125,fake
334,-337.5467840329545,-11864.496928492676,fake
335,-160.4385228592086,-12028.740781994049,fake
336,-282.3942859979654,-11279.023544003612,fake
337,27.758990880433846,-11625.51367381691,fake
338,-12.876974324898095,-11044.923304749986,fake
339,133.7925841293433,-11033.360926190575,fake
340,406.8793377363274,-11756.357735983916,fake
341,647.1864870715552,-12502.077437926773,fake
342,926.7640189298,-13428.918747143496,fake
343,1009.0412656859784,-13948.818205142345,fake
344,1002.4906519386003,-13929.16404070795,fake
345,1074.244855015721,-14234.840819858426,fake
346,905.7442524133018,-13740.833671697352,fake
347,994.4879122582622,-14126.683597064746,fake
348,847.2304689182139,-14069.121801150168,fake
349,748.1235793537937,-13920.329820704545,fake
350,603.8065407634999,-13667.877346529272,fake
351,335.8602292482346,-13125.736963743964,fake
352,201.6445359397374,-12901.905373714946,fake
353,77.11646758219904,-12853.765591835607,fake
354,-92.01862939006878,-12747.827641008327,real
355,23.936610206342223,-12734.710405773292,fake
356,160.5107211317551,-12742.8224474916,fake
357,220.62322600435752,-12617.72581912932,fake
358,431.10461162321127,-12916.576539859936,fake
359,412.7320964782432,-12601.547688887513,fake
360,478.8533196764551,-12327.173678962228,fake
361,574.7712758398682,-12428.319522507158,fake
362,654.5584211178849,-12275.062273659489,fake
363,692.6768324170503,-11958.044520992917,fake
364,748.8485419286628,-11827.69685348805,fake
365,753.7066509194127,-11434.870789852786,fake
366,738.0068149501114,-11043.865838629406,fake
367,761.965297234833,-10626.21698634295,fake
368,811.8141829284222,-10370.893316040283,fake
369,807.7022922377583,-9959.29303957515,fake
370,689.4495714035537,-9389.24390831314,fake
371,658.047306164296,-8870.073404597175,fake
372,648.9686167715937,-8248.251904405246,fake
373,518.1619919161591,-7596.68339879333,fake
374,446.9164801885952,-6794.991159600502,fake
375,530.3832527631799,-6285.270811099004,fake
376,388.0471046238985,-5309.201302442998,fake
377,341.97302571316555,-4594.47378250255,fake
378,279.53390829215476,-3639.8866017660157,fake
379,840.5928329246217,-2715.891734852114,fake
380,2083.9566670387353,-1916.683318262518,fake
381,2325.50361217557,-1365.0192269662814,fake
382,2230.1726604851847,-809.5918545360979,fake
383,4097.871864969879,-1954.7676040316046,fake
384,3888.948557125608,117.4633324325737,fake
385,7347.014257241547,-4032.1894021650132,fake
386,7150.61342542741,-3694.2318513636606,real
387,-156.618486361518,-3525.5806734866137,real
388,-187.6441125909043,-3343.529593749795,fake
389,-138.97738352494545,-2734.4578986849638,fake
390,-147.15035181213813,-2778.977431335672,fake
391,-164.94397299584196,-3048.921797188117,fake
392,-287.553193662782,-2941.257948380363,fake
393,-52.71698489684528,-2931.3046981517437,fake
394,-241.59808996405442,-3031.845353312955,fake
395,-133.9838327662342,-2468.84715520016,fake
396,-146.573985796883,-2519.140189844862,fake
397,-206.42097587523187,-2608.5906614978767,fake
398,-205.67208213204202,-2640.516064262954,fake
399,-288.9283072054538,-2536.5916341694656,fake
400,-240.12104249626776,-2597.8483238464455,fake
401,-308.405169220524,-2376.955197311914,fake
402,-263.58650020248206,-2281.687297571162,fake
403,-425.26144585425936,-2512.904962074812,fake
404,-469.51592380516774,-2353.833963900172,fake
405,-415.33220440019034,-2233.286090108157,fake
406,-375.7458124629718,-1975.5419457845642,fake
407,-487.60821780813245,-1909.3524837483392,fake
408,-568.4461344937921,-1924.1017433639336,fake
409,-565.50068879026,-1896.0051242522634,fake
410,-628.7552182277041,-1993.0369683495428,fake
411,-644.3808274188465,-1926.9759731064482,fake
412,-678.5633515012162,-1910.0267917867902,fake
413,-732.8994381946865,-1856.6679512152775,fake
414,-715.4508627743976,-1448.8629426593857,fake
415,-748.2656190927314,-1530.3810082265354,fake
416,-653.945864462905,-1738.7146594552617,fake
417,-912.5485927952466,-1533.779093209151,fake
418,-1046.1515671580996,-1318.8548983188452,fake
419,-1176.5710213064851,-1236.5329418877434,fake
420,-1392.4323768805646,-671.0762855170185,fake
421,-1384.5880279439357,-665.1045607046299,fake
422,-1461.391798430972,-463.6497786156564,fake
423,-1642.3303475563062,391.90324545697945,fake
424,-1519.0937350726272,248.41559551743504,fake
425,-1503.158096291632,-61.513516597058384,fake
426,-1735.153806339079,392.7198949476803,fake
427,-1504.218793021995,591.3747944910493,fake
428,-1937.3638775680897,696.1916724296681,fake
429,-1992.9581444719342,655.284384873939,fake
430,-2141.683153877996,959.8712637470388,fake
431,-2234.3005357647676,847.3471121804984,fake
432,-2488.0734396548287,1781.483275310812,fake
433,-2676.6099011681627,1934.0550754215703,fake
434,-2963.8875850810637,1959.9097693331887,fake
435,-3004.4616813064563,1794.743834974165,fake
436,-3218.5659988363077,2270.571309845769,fake
437,-2973.8425797974355,1964.7904901491179,fake
438,-2936.0759649441525,2260.151073017821,fake
439,-3347.548695054322,2568.337523636683,fake
440,-3548.6978985701217,2259.1483345133256,fake
441,-3505.0627500829155,2410.4364123568384,fake
442,-3678.003078822586,2675.1818615525594,fake
443,-3993.0608270463463,3274.080765726891,fake
444,-3970.8909004483876,3069.156052411807,fake
445,-3801.906476106088,2911.7255074580485,fake
446,-4049.3985322896665,3147.4290587889086,fake
447,-4691.807517228288,2522.861289985821,fake
448,-4805.450050539587,2678.172661393252,fake
449,-4962.730598296588,2757.825863646114,fake
450,-5033.076702503152,2572.54867835744,fake
451,-5401.333050230291,1722.9210140333255,real
452,-5334.303261446549,2608.642755115044,fake
453,-4984.42214840658,2513.2527411666274,fake
454,-5071.649007120552,2676.4968833812886,fake
455,-4823.948640944932,2719.252649064438,fake
456,-4984.679666569646,2985.2039741262115,fake
457,-4687.076672294843,2839.146558983014,fake
458,-4737.200802538435,3247.8514406221866,fake
459,-4633.189024237889,3176.2711160166186,fake
460,-4624.71564789207,3390.9538768670377,fake
461,-4467.409861683559,3408.8240454649713,fake
462,-4568.697487465103,2746.337024489436,fake
463,-4521.5027094871375,3425.7843973455624,fake
464,-4775.01069142782,2882.490001819332,fake
465,-4592.683711518536,3059.812807765976,fake
466,-4468.000960892292,2881.308815832618,fake
467,-4539.2267929053405,3014.7119200404377,fake
468,-4379.682482628251,2855.0654862477654,fake
469,-4286.201892276784,2778.2288850646705,fake
470,-4553.189415714503,2975.5096233943727,fake
471,-4475.652510348072,2904.2525855314634,fake
472,-4530.777964257614,2098.131009873462,fake
473,-4701.892391163113,2802.054814180905,fake
474,-4682.576210670105,2777.4381518622677,fake
475,-4640.928089359185,2490.1670021344225,fake
476,-4403.078736198658,1927.5989561847637,fake
477,-4205.847204179012,2260.8775559601127,fake
478,-4249.299138807452,2019.9191066999263,fake
479,-4526.635789721861,1469.3813388890005,fake
480,-4809.433927404192,1261.678929757128,fake
481,-4530.756487062317,175.74265110940564,fake
482,-4409.244911990818,353.74341311740784,fake
483,-4771.341525380524,-7.555864233013133,real
484,-4452.710165385065,813.9918917111344,fake
485,-4090.199894303633,1236.012692207543,fake
486,-4200.472458529737,909.9771077702065,fake
487,-4364.955885599037,790.9530805634031,fake
488,-3906.842478079218,997.3080796606306,fake
489,-4076.6078277130487,538.887283495685,fake
490,-4134.8995463711935,1031.2430312468473,fake
491,-4002.565313389405,805.0651011810659,fake
492,-3542.875627958354,1339.581383581283,fake
493,-3731.897570110413,675.1897718041182,fake
494,-4083.429631801325,417.39877265071345,fake
495,-3989.390937549633,244.98822882792498,fake
496,-4531.035278476874,-197.33734454800657,fake
497,-3712.1840184822063,-1391.3762439741408,fake
498,-4367.801447014741,-2343.9758300996114,fake
499,-4607.847771668532,-2044.8240969593185,fake
500,-4508.364442495823,-1834.5903862489536,fake
501,-4564.987533233537,-1983.202820711913,fake
502,-4164.0854531927225,-3758.2888461223547,fake
503,-4108.972793641006,-3736.069368570365,fake
504,-4216.619605083319,-4366.653764015803,fake
505,-4035.6798892466404,-4529.193389633336,fake
506,-3820.3659086035364,-5346.984669892861,fake
507,-3928.063502075033,-5333.969912676104,fake
508,-3425.7570178109377,-6053.201997672841,fake
509,-3704.5015436624512,-5613.164282420725,fake
510,-3380.6117445784907,-6101.297517618546,fake
511,-3475.4632233960037,-5830.354010730147,fake
512,6759.140101393693,-5002.824240177595,fake
513,6928.614468865007,-4989.058095780219,fake
514,7165.1904634767725,-6296.669213488411,fake
515,5894.6619555462385,-5379.4520939166805,real
516,6004.1724566226785,-5667.049805425132,fake
517,5664.963349545033,-5880.051828645437,fake
518,5281.919562247149,-5056.429636738782,fake
519,-3194.357251459257,-3114.1917474864053,fake
520,-3301.038210629792,-3024.220786439791,fake
521,-3009.6894089235,-1403.6204151299885,fake
522,-2976.6972791377707,-1876.4593772114713,fake
523,-2691.43070020556,-413.34374393748425,fake
524,-2532.7441408999243,-747.8376434859355,fake
525,-2176.6355635724963,-659.1941029579181,fake
526,-2070.622783611638,-139.69639680024954,fake
527,-2013.2525604542523,-13.919358076262032,fake
528,-1864.7452293069366,-1.0035399284916382,fake
529,-1734.371542446684,226.64421245164075,fake
530,-1776.2055505306685,210.27315487148485,fake
531,-1411.2931588651854,719.7301278440793,fake
532,-539.6361738650872,334.80816462404795,fake
533,-344.7718675149632,265.3751920182022,fake
534,-29.774816416491085,34.18993802014382,fake
535,244.57421852195205,-292.9621980210019,fake
536,131.74552957133662,-212.6879672704761,fake
537,301.9310144592813,-181.86203414960855,fake
538,442.34608314107203,-598.6888408416542,fake
539,436.0458631676383,47.84206286522735,fake
540,788.313930757438,-689.5510370916726,fake
541,620.4346818477062,298.849328127868,fake
542,983.6292518883349,163.2343765716897,fake
543,1007.7234156907069,-407.0995621019176,fake
544,1598.0172713136096,-2538.1048810113466,fake
545,1397.4509900796552,-2131.0244877562372,fake
546,1194.6758342383812,-2034.6157260774182,fake
547,1505.7497838238116,-3044.295089876793,real
548,1379.6973644904176,-3166.1189662997363,fake
549,1300.6724557781604,-2787.380073064408,fake
550,1397.2843744012348,-3269.3470618897336,fake
551,1155.4750051742335,-2336.1112181818894,fake
552,1245.4239864528,-3837.026932324358,fake
553,1185.116803834056,-3292.974146772476,fake
554,1237.4948654452774,-3669.0497103721095,fake
555,1283.6439861658018,-4462.635651894205,fake
556,1193.7242261561923,-4078.2482027925794,fake
557,1224.9281090746076,-5210.078147250943,fake
558,1092.4461690268752,-5378.442763075582,fake
559,1011.0656078341102,-4924.246747598351,fake
560,1172.2137362321687,-5702.991547896005,fake
561,1086.5860697725818,-5190.394463862298,fake
562,334.67471821302655,-6048.689661857451,fake
563,430.7941622402515,-6813.995738534296,fake
564,418.68756028444125,-6500.74953944453,fake
565,454.1571486117694,-6531.52970816731,fake
566,263.8600711316451,-7041.872169862053,fake
567,415.42621951196793,-7833.784750296585,fake
568,527.5827417331328,-8725.974824575846,fake
569,286.8650428872767,-8058.3635888478975,fake
570,449.5628508908853,-9097.543665326502,fake
571,358.48811298686763,-9072.098712753197,fake
572,427.01357616382603,-9612.212350985234,fake
573,324.933187162953,-9272.995110219481,fake
574,386.487676392526,-9562.92666666244,fake
575,307.4688101833266,-9745.284528143962,fake
576,-2.266088394665414,-8669.578971861534,fake
577,5.115820373620133,-8605.153252513792,fake
578,-40.84122671919026,-8883.842252290373,fake
579,-192.81839834643142,-8836.669251810332,real
580,6059.039899680422,871.4557362511603,real
581,6338.096137432467,635.0169063129259,fake
582,6100.295839718601,87.1575027145404,fake
583,5984.380220002287,-477.19666547670846,fake
584,5692.884789855844,2356.099575384437,fake
585,5946.999449759304,99.35686336594539,fake
586,6038.096920827017,-186.7526440538396,fake
587,5849.991981154814,348.04485377171255,fake
588,5618.3200602488,831.7792489291272,fake
589,5657.868387942124,989.5881570216853,fake
590,5826.044503818767,1337.6374740628582,fake
591,5758.759331998898,1401.7721618663456,fake
592,5580.203491379449,2275.553988881771,fake
593,5624.356505250529,935.9803604701287,fake
594,5486.699980822239,1880.4846828660025,fake
595,5512.079920384542,1375.4766690650465,fake
596,5250.512041236309,847.9641250260731,fake
597,5330.23663555952,925.9876770072678,fake
598,5430.361309876193,789.9772439647943,fake
599,5003.140217635234,2411.9217231819594,fake
600,5213.041249149945,856.7313623166851,fake
601,5267.542291516508,-1350.8206111113027,fake
602,4885.46235852882,2963.435930764264,fake
603,5040.694029132909,-153.31027141675835,fake
604,5392.640578253796,-452.7574799245136,fake
605,5079.84313698021,-147.34479905585297,fake
606,5278.59642049143,-1212.1293063892049,fake
607,4929.84245557573,-780.9345074922696,fake
608,4932.31812293582,49.73643050408106,fake
609,4836.544127485644,-87.44768475088685,fake
610,4900.351509498786,-775.1574160772757,fake
611,4459.182402085544,941.2197824656222,fake
612,4755.231291181558,930.5969821049546,fake
613,4549.49577809276,289.19445243032754,fake
614,4546.683913191471,878.4679977575411,fake
615,4469.359029663802,460.4339557713634,fake
616,4320.532496206081,2072.0129098310267,fake
617,4112.336649840635,1633.9505631499464,fake
618,4118.633805395834,722.2406822479427,fake
619,4115.314962581932,1180.1915430994957,fake
620,4312.540297947173,94.59940001923776,fake
621,4141.786238423257,984.6658021729056,fake
622,4081.2902587221342,411.7000206175733,fake
623,3737.4718133149036,1682.2124613619355,fake
624,4056.9486554096866,1180.774466092981,fake
625,3815.7196175641907,303.52865745570404,fake
626,4146.858188777384,-698.7238397688811,fake
627,3790.8391663121474,1257.678812295069,fake
628,3727.524665799509,467.87507583932353,fake
629,4124.804664765448,-1314.8835521372082,fake
630,3046.618256946847,2673.5478095860562,fake
631,2976.487765141716,2783.7741269574376,fake
632,3869.890591511708,-763.8139492428952,fake
633,3286.162199267939,2027.0967451511037,fake
634,3426.5652332819654,97.10969817276467,fake
635,3585.817668833268,-301.65722694457895,fake
636,3427.1830266567363,590.1063173937343,fake
637,3238.088616321203,301.9755021017139,fake
638,3282.193998801849,686.3898257837689,fake
639,3278.81838780866,319.3997976098752,fake
640,3185.5913867091917,687.1521095928191,fake
641,3084.5172383364584,423.7662399037335,fake
642,2806.5838703304958,648.2276685003649,fake
643,2762.184155897197,1012.9591500749274,fake
644,3072.1170198158475,-175.75512961518604,real
645,2679.10844858576,328.55759052067015,fake
646,2748.8310051968106,592.886066272033,fake
647,2832.591020208327,-468.0271158533296,fake
648,2831.552291040921,783.1766334082447,fake
649,2658.9137329988203,145.89761441974446,fake
650,2679.3655710931635,-281.5643632169872,fake
651,2684.083882783745,-162.63099522933894,fake
652,2914.7286321861793,-374.2807893335142,fake
653,2659.6113270479873,-865.0150900216472,fake
654,2511.5154455301354,780.1292960085514,fake
655,2571.9398871434864,313.3368780619735,fake
656,2304.8287415687296,2020.645122326305,fake
657,2402.4103580897026,1361.5262544378736,fake
658,2473.628252611416,831.7501244340601,fake
659,-5903.125656658023,3290.222003333591,fake
660,2099.571931298208,1577.346922148556,fake
661,-6204.2373823779935,3906.3879546415683,fake
662,-6238.334474378924,3854.2027287681303,fake
663,-6215.524997000589,3787.0263218026494,fake
664,-6224.662719489616,3440.811431143298,fake
665,-6272.873614843134,3451.652063867702,fake
666,-6332.773485906993,3687.462736091209,fake
667,-6373.799319841277,2736.07955468157,fake
668,-6543.255829295166,3669.030174386631,fake
669,-6637.603113935672,2893.6272299352713,fake
670,-6773.292605121188,2830.981099024512,fake
671,-6550.835996939724,2680.4702913910796,fake
672,-6898.6175157767875,2917.573342335683,fake
673,-6849.926113230204,2660.775642340339,fake
674,-6940.592696565683,2709.085472397258,fake
675,-6948.034783998972,2696.101873467607,fake
676,-7162.020638510885,2582.5057924331136,real
677,-6888.812287753648,1944.5806999500098,fake
678,-6868.680783810535,2998.153317170364,fake
679,-6599.919616522632,2096.5361543290264,fake
680,-6492.418881468814,2581.2736801278515,fake
681,-6234.798181600964,1839.2877588701272,fake
682,-6365.940651929976,2171.63019187245,fake
683,-6331.273994003079,2148.5609198817906,fake
684,-6315.551481375584,2261.565384636187,fake
685,-6482.753989814855,2082.378877820537,fake
686,-6187.257547614929,2044.2924265020501,fake
687,-6203.2621196765995,1955.872499436973,fake
688,-5963.9603405199005,2423.509868766647,fake
689,-6183.196304538408,2557.0448248731304,fake
690,-5949.097310148543,2633.6941558853005,fake
691,-5752.569624538237,1545.500596492611,fake
692,-6267.340951397703,2601.2241465351,fake
693,-6166.540463946565,1889.1082609027753,fake
694,-6168.47021833232,2275.7843865971263,fake
695,-5861.05681129384,2087.3776390577373,fake
696,-6040.0878970071935,2110.607698818913,fake
697,-6276.932081212356,1624.622197436425,fake
698,-6273.339587570005,1754.395918875696,fake
699,-6300.787560950011,1199.2076952979075,fake
700,-7264.974066885153,864.1384288010463,fake
701,-6971.621288159195,264.6703999018233,fake
702,-6840.4529325925605,32.87272585638589,fake
703,-7308.098734202952,-713.9097278477435,fake
704,-7366.312444950968,-762.1490059868794,fake
705,-7517.2347708940315,-1122.362896399096,fake
706,-7451.653358818868,-1503.007770824187,fake
707,-7412.008149605659,-2091.893201852694,fake
708,-7251.645332821816,-2575.749050490856,real
709,-7390.860593194517,-2429.7748570853555,fake
710,-7442.174876619653,-2272.3034581414345,fake
711,-7369.624361517059,-2762.9196975037144,fake
712,-7506.359443058668,-2483.7184337775275,fake
713,-7433.788001930564,-2383.226182641145,fake
714,-7549.3460136035,-2050.4479990036666,fake
715,-7590.881831592362,-2078.4878493196693,fake
716,-7497.808195987649,-2100.295873518297,fake
717,-7636.203726641594,-1750.0455931617407,fake
718,-7519.774833155211,-1798.4845160921864,fake
719,-7485.714094066311,-1673.5376439291783,fake
720,-7409.90168827826,-1657.0919766192364,fake
721,-7647.890639442096,-1134.162987278087,fake
722,-7582.364555425747,-1396.8810714189235,fake
723,-7450.538895019326,-989.1699947728014,fake
724,-7798.2385881934,-561.5165762846729,fake
725,-7258.280605804506,-704.4825764589121,fake
726,-7377.43675107677,-112.54806569106421,fake
727,-7506.459237187336,540.2139889334758,fake
728,-7076.012429645453,-255.25806833468653,fake
729,-2081.84412350061,1238.2540818138182,fake
730,-1504.477395856577,663.914814552951,fake
731,-1388.7846980339714,-133.89297201745205,fake
732,-658.3353766099575,-259.3085573761838,fake
733,-965.6315978982622,-59.21175380563916,fake
734,-268.3422612511653,-817.8707553437048,fake
735,-536.7626410008421,-132.22466967176678,fake
736,-44.043720958373754,-1060.7748389513758,fake
737,379.0471297234135,-912.1861584732234,fake
738,771.2047098076646,-2269.6282359672205,fake
739,731.4923482515215,-1149.7358807331302,fake
740,1435.7552968281998,-4026.3214146646155,real
741,1261.2695254879955,-3184.4832547731544,fake
742,1190.6080579873283,-3537.29687123211,fake
743,886.0084526321772,-3465.390111100362,fake
744,1001.6164936730747,-4613.310487886286,fake
745,985.9673183369573,-5240.467511142033,fake
746,122.49404361632082,-3978.90228216109,fake
747,434.15490509203846,-4735.55031449978,fake
748,228.03125844994673,-5176.224569539612,fake
749,15.427431737775658,-4905.124131340216,fake
750,-130.37187019938744,-5123.946156356496,fake
751,-42.67565289672635,-5466.241552869328,fake
752,-595.1147143227859,-5434.748974011434,fake
753,-468.5921867451598,-5768.919816433142,fake
754,-1247.230311736413,-5941.398027759696,fake
755,-1298.7898211237577,-6068.6108127704765,fake
756,-1299.0485590032604,-6033.6974932167695,fake
757,-1563.5417609685362,-6364.043552222691,fake
758,-1147.6148129678436,-6260.233639163888,fake
759,-1476.917355777568,-6272.966585023055,fake
760,-1503.5549762692235,-5873.224208109461,fake
761,-1382.9744462300525,-6145.788483809954,fake
762,-1602.1965653521618,-5383.770838477305,fake
763,-1592.1816994291169,-5312.133351200658,fake
764,-1640.5015754589122,-5305.99390397588,fake
765,-1485.2422869978627,-4935.48382059625,fake
766,-1812.4016661845412,-4760.619933307732,fake
767,-1745.6035581318195,-4712.946113058955,fake
768,-1512.3887198416285,-4410.5703218338585,fake
769,-1857.924424228507,-3690.1230081447784,fake
770,-1951.0641229923588,-3440.0455185376672,fake
771,-1674.4443703019972,-2745.345163487318,fake
772,-1443.5210254118176,-2071.762640899542,real
773,7320.957935867498,-4469.5573916718695,real
774,7319.7527919396,-4728.8676811351015,fake
775,7447.30258645784,-4221.807706106574,fake
776,7592.182720782626,-3768.3263434318387,fake
777,6889.361807697089,-2873.617414322872,fake
778,7189.6947832981305,-4202.168557355133,fake
779,7164.792199815374,-3656.1716159686334,fake
780,6554.045334073854,-1848.6788877081997,fake
781,7047.081263111269,-3578.126350403767,fake
782,6953.286071985077,-2675.994981480262,fake
783,6873.890592149323,-1864.4932729516468,fake
784,6768.008661909154,-3017.596475275774,fake
785,6668.145491364605,-2240.946711219016,fake
786,6807.135527831058,-1562.9749724464168,fake
787,6739.0579900299945,-1688.697469937212,fake
788,6669.327271300097,-2659.8508017252916,fake
789,6517.260034224399,-2139.5173941677035,fake
790,6811.871719244258,-2084.511761624685,fake
791,6407.4523008035985,-1867.6170153195158,fake
792,6426.508675897223,-2331.500312910749,fake
793,6311.2059989915015,-1285.8711973193813,fake
794,6485.97128997999,-2033.1827337354248,fake
795,6133.23758541962,-908.0386090450174,fake
796,6250.321773232598,-983.553133277695,fake
797,6214.975979327094,-1604.4220318398434,fake
798,6250.561401988148,-663.5982794479768,fake
799,6152.47157792767,-1486.630448440548,fake
800,6098.399421627456,-1514.9475954805466,fake
801,6181.386235477433,650.175560093446,fake
802,6056.605207138797,-395.2264567541435,fake
803,6117.0689205061535,-441.0871130620373,fake
804,5955.292708738948,-1035.2265688791783,fake
805,6018.209128031741,835.1450158070575,fake
806,5810.02848340976,1573.9446279358242,fake
807,5856.621898732307,1229.3152385680899,fake
808,5747.6056855027155,332.3569200330573,fake
809,6008.269128611843,2139.8087418913246,fake
810,5867.44119553758,-374.41038787756753,fake
811,5636.586871991572,-210.1611955313638,fake
812,5527.647428023624,1009.0117353132631,fake
813,5755.20179183053,1139.2512338218871,fake
814,5512.039142826535,1771.2676843198692,fake
815,5295.002969887296,2634.2166951774866,fake
816,5662.992582050143,927.0317923133374,fake
817,5633.296160060344,505.66646283948046,fake
818,5253.254074248213,1264.3172716750812,fake
819,5357.349373535149,1731.598664350055,fake
820,5254.852655127509,2253.192688065286,fake
821,5583.504264788435,673.0016790993332,fake
822,5234.023795190405,2761.8405167056962,fake
823,5343.935238337998,4077.0858505169,fake
824,5113.705350724266,3821.8273920993583,fake
825,5119.240452457556,2688.6869562309153,fake
826,4859.565733006505,3037.2799996904623,fake
827,4925.018278826,3002.8361230067526,fake
828,4825.616330025589,2881.9486314150845,fake
829,4954.7561415482605,2130.4224501012322,fake
830,5199.874068894701,2304.424437974602,fake
831,5122.319011620888,2206.3520886037377,fake
832,5256.092934740501,1606.829209779204,fake
833,5184.905727334055,1649.811331672685,fake
834,4821.9683095291275,1848.8007904646838,fake
835,5141.366344122542,1307.429569912733,fake
836,4549.868048352191,3602.513417361117,fake
837,4794.8506355084355,2309.812532934752,real
838,4869.361646562779,1769.3007542746766,fake
839,5070.556741550489,791.5004782505086,fake
840,4707.109643694093,3913.5216186283988,fake
841,4758.154616385044,4317.754418338624,fake
842,4752.332995364277,3161.9261878023344,fake
843,4871.132234176464,3244.7108590832154,fake
844,5054.871672420858,2348.6044642369343,fake
845,5085.7429594803025,2015.029850260683,fake
846,4710.805753349172,1764.2287583281716,fake
847,4847.118498400224,849.6376473206591,fake
848,5059.284927275803,451.57728292533307,fake
849,4866.769835188195,1236.986196849975,fake
850,4948.287370642448,332.3329595980427,fake
851,4766.413370282792,1277.9455835973301,fake
852,5058.233891665003,311.5917553486173,fake
853,4890.993073600384,-32.69939457348235,fake
854,4718.710170389439,1008.9246314088078,fake
855,4474.392287379117,2287.322379387895,fake
856,4934.564206252994,698.5917134349914,fake
857,1762.0760425607268,6692.234435714801,fake
858,2412.4692273792352,6336.507221527028,fake
859,1178.2192601077732,7118.064880836034,fake
860,1458.1984692718397,6621.507819183219,fake
861,1015.213908176772,6449.709185684377,fake
862,1277.344822566105,5521.020245400733,fake
863,813.0767488678488,6248.386648739121,fake
864,669.9777133007386,6134.612898940035,fake
865,428.4687496964476,6016.860855313874,fake
866,76.63240336536654,5919.101357439705,fake
867,-471.1424151139618,6106.611205604955,fake
868,-2333.066938427138,5056.144186542492,fake
869,-2119.5601551386694,5091.280298660506,real
870,-1779.9210930966951,5145.103884152271,fake
871,-1392.9326260815294,5188.507339319947,fake
872,-1346.6473932771116,5361.106644059338,fake
873,-1581.2999963805314,5663.722878995128,fake
874,-1070.6408969540053,5751.144082820739,fake
875,-1351.344121291951,5684.575676677741,fake
876,-1187.839356714364,5854.150770502718,fake
877,-699.5806138515953,6011.7930722291385,fake
878,-1207.5141054426074,5771.880135559775,fake
879,-656.7992759612762,5665.566700045968,fake
880,-280.6753669880441,5571.497756616994,fake
881,259.39863000654117,5465.0396159127595,fake
882,267.5382686782774,5402.935106302948,fake
883,250.68968398763096,5304.616870502434,fake
884,953.420239212411,4867.790165286176,fake
885,1073.0786506547347,4922.997413341241,fake
886,1084.9514237980575,5000.830261586031,fake
887,1299.1771176948666,4689.9598520683,fake
888,1651.043676470399,4598.452775332769,fake
889,1772.319662299954,4970.288222678679,fake
890,2245.871679052518,3821.95146148862,fake
891,2362.3453555227616,4181.6221714894755,fake
892,2910.7394874977476,3434.379107061295,fake
893,3027.1842781465834,3391.3898357259127,fake
894,3178.173410025372,3357.4228114904618,fake
895,3224.6043234535227,3466.8262445353084,fake
896,3723.8634848226416,2457.1778634941497,fake
897,3494.774315725261,3153.8869058670407,fake
898,3983.758692210429,1334.3636896980952,fake
899,3830.265238683745,1906.5171238159958,fake
900,4124.23972473125,1254.1951924580799,fake
901,3577.2102103518178,2452.9845596354417,real
902,3837.6622546096933,1740.5147055806287,fake
903,4040.726059295203,1860.3427332236365,fake
904,3691.2311128747915,1806.8977708928203,fake
905,3006.4766538533627,2834.7627084293617,fake
906,3404.5308899733436,1624.71190916387,fake
907,2890.846538121065,2107.7640205848693,fake
908,2672.4794549829326,1843.259984915057,fake
909,1406.5214853492907,2972.6928015958943,fake
910,1196.9922977374895,3015.763466003465,fake
911,738.7002487368866,3244.83679326877,fake
912,608.5589331791375,3040.4588215232507,fake
913,-241.78657931813882,3477.7335894203998,fake
914,-119.15827020435361,2361.9054096514205,fake
915,-297.5898978448284,2049.58625645182,fake
916,-258.2727812493055,1934.5192427739203,fake
917,-135.86584759308204,1903.7261062937948,fake
918,264.04212453545574,1155.018211738789,fake
919,-170.1470122783237,815.4680015587423,fake
920,147.74504539001828,552.3178901775333,fake
921,-279.1711158270472,446.1168089275315,fake
922,70.41706883383101,-113.44279099654786,fake
923,335.3773205250701,-573.1872899227067,fake
924,342.4103105913229,-292.9581753690221,fake
925,319.6776658614244,-903.0252880938338,fake
926,731.2825489560946,-1495.370464620785,fake
927,934.0910076321076,-1617.3134273094126,fake
928,854.6970108836853,-1899.1233073393005,fake
929,977.7920279964577,-1661.0775685192714,fake
930,1103.7686765934739,-2632.384922034203,fake
931,1246.0015101186336,-2435.3999099521848,fake
932,1555.7377219822035,-2628.8751152635955,fake
933,1526.3299942039364,-3013.953605426966,real
934,1715.2631357154582,-3186.413585484604,fake
935,1777.9587624366486,-1965.7584646696268,fake
936,2008.7341281948497,-2152.8724943868096,fake
937,1971.2543505900055,-1259.2149510477325,fake
938,2109.4986191474686,-1937.330238905036,fake
939,1969.9072827742784,-975.4355223282681,fake
940,2138.8287507805576,-2542.8695605220983,fake
941,1946.640199727348,-2568.3198315213594,fake
942,2040.5483234257415,-4062.732244490806,fake
943,2084.874380970274,-4312.842920910945,fake
944,1557.5307962731663,-3759.3721803441586,fake
945,1222.6428943779038,-2849.307503661537,fake
946,941.1871854454355,-2974.025454184191,fake
947,948.3874522326939,-3772.8152939715546,fake
948,621.0059089859645,-4082.282865542798,fake
949,317.6818226904397,-4140.319928726834,fake
950,526.1249698938007,-3976.0997020540494,fake
951,427.51713419199507,-3973.6749559225773,fake
952,229.05024412986023,-4007.7456166581123,fake
953,-123.86286356008479,-3889.3529148644197,fake
954,-147.1944869118381,-4047.3578244747896,fake
955,-662.7455204747018,-3162.491227964546,fake
956,-418.9533359509767,-3890.0707259079027,fake
957,-706.302264494064,-3151.5304976210973,fake
958,-996.1279149173527,-3477.0239935590434,fake
959,-1020.4488415325798,-3275.946808493916,fake
960,-1090.2789326099894,-3253.60875824788,fake
961,-1516.1812751096936,-3288.371126433674,fake
962,-1583.79334421484,-3069.3126991706085,fake
963,-1862.6878316957957,-2388.183593249488,fake
964,-1152.466422636972,-2349.464434966922,fake
965,-1433.230920319761,-2056.591898753339,real
966,4658.496444273039,2065.9328798157544,real
967,5103.333202298217,318.78670068013423,fake
968,5309.594950648057,-344.029836788491,fake
969,5042.096956774799,1195.7220895648973,fake
970,4852.929949119335,1300.6875604485406,fake
971,5241.196971431669,-211.49988452572356,fake
972,4487.272949087269,1906.6114805570996,fake
973,4312.46710391597,2486.470342546293,fake
974,5221.752699885081,163.63437605252133,fake
975,5270.0846307418215,169.91438659448707,fake
976,4944.102406718192,1134.0709054049948,fake
977,4645.041859666135,797.2247722221571,fake
978,4876.6605352836095,840.2770226539989,fake
979,4890.898316423836,434.28679363495485,fake
980,4962.550911715573,1425.4255400640202,fake
981,4978.420732916425,439.8462978301803,fake
982,4873.640409516098,1001.6674818974016,fake
983,4827.852744946194,1517.1536813261596,fake
984,4970.552006051424,1026.5681322617054,fake
985,4717.0267059664,1305.1134495397139,fake
986,4705.636601846145,1202.172107863009,fake
987,4886.172908155941,142.99124825308476,fake
988,4790.118088995332,-521.5347342192304,fake
989,4694.4776066722325,180.68199101252858,fake
990,4778.780074685555,-344.46190362378934,fake
991,4626.6758747305175,222.1342443087185,fake
992,4648.328527163777,832.933508751973,fake
993,4813.525604634594,-20.344492838103356,fake
994,4758.632754857143,-318.2257885699507,fake
995,4690.935246033249,750.3151083833087,fake
996,4665.004376722599,-382.5914399963292,fake
997,4583.029383771467,105.09164716109686,fake
998,4395.116521868326,882.5177601420111,fake
999,4568.341609708662,-184.56203605727202,fake
1000,4606.566522836497,710.0335151765543,fake
1001,4765.480115534049,-256.50269875248284,fake
1002,4523.060539845449,727.2757708042272,fake
1003,4611.893845378483,1151.508131109624,fake
1004,4644.048862261567,123.49471529271366,fake
1005,4439.501414410674,1339.48259301816,fake
1006,4594.740720786576,578.1035940480207,fake
1007,4659.495023320447,434.9256767605275,fake
1008,4542.478637736112,360.6698541724717,fake
1009,-3137.9772994678833,2677.240187756359,fake
1010,-3306.5762057323586,2302.6679257096994,fake
1011,-3667.247575057974,1977.2789297179952,fake
1012,-3719.0528235871893,1762.37928947512,fake
1013,-3856.3992025259786,1648.564888520771,fake
1014,-3899.2152227775073,2328.880910644935,fake
1015,-4062.0167196846323,1748.3878670452084,fake
1016,-4123.326362194854,1678.290232542047,fake
1017,-4197.2089097445705,1431.392748505341,fake
1018,-4222.219034028473,1374.5513302380282,fake
1019,-4322.993645646907,1388.7037988393092,fake
1020,-4265.734578009154,1786.136680703519,fake
1021,-4394.881758479842,1663.2820813018766,fake
1022,-4688.81582327271,1507.251075714513,fake
1023,-4602.684369919604,1223.5481288664237,fake
1024,-4820.736073458635,986.0426990726697,fake
1025,-4852.249375393115,828.3168769165179,fake
1026,-4998.437926909965,1165.2888764261854,fake
1027,-5039.0837280468295,976.2821831230845,fake
1028,-5189.243843752363,1083.8307620398787,fake
1029,-5276.933099676319,1014.9354616648332,fake
1030,-5334.259638851682,886.46900915371,real
1031,-5000.180287276793,1008.0844441918603,fake
1032,-4877.642289545184,1081.338243692177,fake
1033,-4776.6536736896105,1623.1769310825491,fake
1034,-4696.748148913685,1455.483824244288,fake
1035,-4592.058512049934,2221.1533324427855,fake
1036,-4540.005831313764,2445.026075673042,fake
1037,-4125.579523363641,3256.509081915119,fake
1038,-4098.049385993202,2910.02822423474,fake
1039,-4064.1188573345626,3093.4934376662163,fake
1040,-3702.380163454297,3828.6240270667463,fake
1041,-3476.6191521898577,4195.501016572718,fake
1042,-4086.0634092126074,3774.83147689585,fake
1043,-4191.677997396776,4066.310822818334,fake
1044,-4185.2667056340915,4289.563158020893,fake
1045,3223.296462969956,3414.86657366942,fake
1046,3576.404158795445,3071.0325569004217,fake
1047,3804.9099626692923,2576.6340475064626,fake
1048,-3947.2772893836554,5777.032513127913,fake
1049,3848.4299576297412,3511.638987782135,fake
1050,3676.9460501999083,4829.349099132623,fake
1051,4215.515722858288,2143.4636445234655,fake
1052,4131.766037098131,2871.438221047627,fake
1053,4150.452505656255,2178.59897056675,fake
1054,4419.640072954586,2911.3609971336173,fake
1055,4753.571768772363,3039.7560471541715,fake
1056,4522.311386309661,3375.4663962843706,fake
1057,4807.085913212017,1626.3866865508617,fake
1058,4781.2318217338925,1651.2623135929161,fake
1059,4930.509554169128,485.1172481934034,fake
1060,5036.158665679225,-191.19409111963986,fake
1061,4981.239832910213,1842.4220474102285,fake
1062,4951.2117065266375,2126.598513425417,real
1063,4920.417695870392,1208.180115951415,fake
1064,5019.613371660742,1951.1426047892141,fake
1065,4798.018042526957,2368.758546670531,fake
1066,4700.079510714812,2992.963799118139,fake
1067,4846.340923243336,2081.0391136256962,fake
1068,4946.961278271248,1377.9285981575642,fake
1069,4764.840761246684,2767.5549536333037,fake
1070,4884.716073398685,633.5788118840462,fake
1071,5179.163370532011,2284.2946380341536,fake
1072,4798.918728455085,435.6278669929446,fake
1073,4820.895631702044,-114.74330194285182,fake
1074,4766.5198891594355,400.47745465844133,fake
1075,4827.676085013005,666.9047889814838,fake
1076,4670.644676438326,2678.63875520596,fake
1077,4799.995490073929,184.10563058888968,fake
1078,4561.269270965939,319.177532036729,fake
1079,4881.768001758787,1752.5341994661283,fake
1080,4884.257862626534,1024.715829220296,fake
1081,4727.669658662425,394.44900081976965,fake
1082,5006.259571355332,-646.972950953291,fake
1083,4659.027232100053,1652.7143983757812,fake
1084,4613.39606471829,1424.5260830233358,fake
1085,4303.557467051008,269.6488259615382,fake
1086,4572.461987496775,935.4154518108804,fake
1087,4780.0390950939845,-182.22562495468043,fake
1088,4808.437508725397,716.6253126779675,fake
1089,4377.175438025854,475.74619098004877,fake
1090,4800.772537213957,1638.2655401476147,fake
1091,4734.775143436796,1255.7847869082627,fake
1092,4678.902038269814,1783.3396204025573,fake
1093,4592.198941608733,875.8055889626595,fake
1094,-6223.026173858507,625.0058847502556,real
1095,4829.645153047111,454.6231500672332,fake
1096,-5967.499797290282,615.6907213164322,fake
1097,-6121.874399301441,1077.3785441315238,fake
1098,-6190.40912924039,1744.594528300251,fake
1099,-5855.129328382158,1210.6660870681376,fake
1100,-5880.434789012381,1867.1559527369218,fake
1101,-5863.457576178962,2057.4621009720427,fake
1102,-5976.963374560322,1800.650792248557,fake
1103,-5622.9553457093625,1585.3833218114619,fake
1104,-5722.994119929532,1810.4748360168126,fake
1105,-5661.63936046114,1651.8624054114348,fake
1106,1718.1855068767893,3516.5456398175,fake
1107,604.7095226551344,4024.0373329183903,fake
1108,1510.982844672796,3492.6808083977457,fake
1109,280.8350723411467,3673.973365592098,fake
1110,350.91094585393415,3257.0951369213712,fake
1111,475.98096381811484,3105.6433868490053,fake
1112,593.5244364188342,2573.3839156035315,fake
1113,315.72937933492983,2536.559570117478,fake
1114,-185.1746901772878,2229.8606777748414,fake
1115,473.08735757112163,1856.5484649929774,fake
1116,686.1398488699615,579.2051202507666,fake
1117,886.6268133103546,73.41028594273726,fake
1118,514.3848505796683,121.73446791778397,fake
1119,666.1052997454483,-7.854835343527084,fake
1120,1169.3124769676874,-1006.6356931348464,fake
1121,757.9762313519483,-681.4138337695288,fake
1122,1360.0377408524846,-1939.4324047961245,fake
1123,1561.5093995052518,-2005.1505909610887,fake
1124,1706.496992867362,-2794.7349638831633,fake
1125,1679.7405003206427,-3023.236043594481,fake
1126,1536.6200992680665,-2998.7828632550945,real
1127,1725.5532407067997,-3171.242843589997,fake
1128,1788.2488674871497,-1950.5877225502961,fake
1129,2019.0242333231756,-2137.7017522666692,fake
1130,1981.5444557031842,-1244.0442089208948,fake
1131,2119.78872410206,-1922.1594967881626,fake
1132,1980.19738776617,-960.2647802258462,fake
1133,2149.118855966034,-2527.698818401751,fake
1134,1956.9303047239375,-2553.1490894807343,fake
1135,2050.8384285523043,-4047.561502042034,fake
1136,2095.164486052198,-4297.672178874349,fake
1137,1567.8209011628737,-3744.201438476441,fake
1138,1232.9329995263233,-2834.136761492297,fake
1139,951.477290524759,-2958.85471218581,fake
1140,958.6775572847971,-3757.6445516962713,fake
1141,631.2960140958745,-4067.1121234518223,fake
1142,327.97192787396733,-4125.149186567335,fake
1143,536.4150747828069,-3960.9289599454337,fake
1144,437.8072391853397,-3958.504213733909,fake
1145,239.34034909134596,-3992.5748744662,fake
1146,-113.5727584311412,-3874.182172800889,fake
1147,-136.9043817378645,-4032.18708221167,fake
1148,-652.4554154526415,-3147.320485881211,fake
1149,-408.66323089282787,-3874.8999837667398,fake
1150,-696.012159392445,-3136.3597552941937,fake
1151,-985.8378098097575,-3461.8532513905907,fake
1152,-1010.1587364181178,-3260.7760663264926,fake
1153,-1079.9888275409226,-3238.4380159984707,fake
1154,-1505.8911698798986,-3273.200384248294,fake
1155,-1573.5032391185757,-3054.141956937111,fake
1156,-1852.3977266908894,-2373.012851098276,fake
1157,-1142.176317604568,-2334.2936930035867,fake
1158,-1422.9408152125395,-2041.421156608072,real
1159,6109.19928824539,-1081.9387486590513,real
1160,6119.316700800776,-2511.9187916589303,fake
1161,6145.90616843651,-2329.7612100010133,fake
1162,6380.913019067094,-2481.1044424078154,fake
1163,6102.306634299274,-2320.0738277506803,fake
1164,6224.54641721189,-1441.9419953860288,fake
1165,6386.809017600676,-1210.1075852532394,fake
1166,6365.519315395719,-1233.1265318461867,fake
1167,5939.857138735954,-2269.452325872925,fake
1168,6181.107553459855,-2112.1651437891605,fake
1169,6011.794719541243,-1910.63475261716,fake
1170,6141.7123193139905,-1560.581353339258,fake
1171,6347.856016115503,-883.4660767261904,fake
1172,5865.983927825782,-1144.6465339081801,fake
1173,5996.462894227904,-154.3458725948112,fake
1174,5972.39083638089,-382.26944285577065,fake
1175,6042.372882431571,-2946.2062008729185,fake
1176,5978.5547306845065,-1420.6541098202042,fake
1177,6346.0942119106485,-2616.9747513923935,fake
1178,6095.0136651014745,-1270.9230908979946,fake
1179,6074.969581581779,-956.9904296702101,fake
1180,5862.705822057306,-1070.9846064590567,fake
1181,5693.493131615563,-246.18701613385647,fake
1182,5980.5656812937505,671.1294045043865,fake
1183,6118.961483629709,898.3865047506487,fake
1184,6038.569412068947,835.9720400203822,fake
1185,5975.266599511472,178.598206256745,fake
1186,5823.679461859041,51.426638075905096,fake
1187,6127.844051255564,384.1748947865641,fake
1188,5779.15677179511,586.5687686199809,fake
1189,5553.065240946942,1622.8051749215301,fake
1190,5580.329183316021,1613.4244297481898,fake
1191,5373.865462936194,718.2243137615559,fake
1192,5488.358264398467,1955.7211865723032,fake
1193,5575.732554816733,1789.6525980933611,fake
1194,5304.473190387862,-391.9338747867249,fake
1195,5477.046106180957,1570.2060829190305,fake
1196,5291.186258803807,-524.7661640582512,fake
1197,5484.947196985825,947.1357463882357,fake
1198,5514.152301850691,806.0462162785166,fake
1199,5650.982410389149,1433.882965698312,fake
1200,5658.573426081036,-352.09093137389806,fake
1201,5177.049849660586,1531.3732060985178,fake
1202,5342.685384319357,1085.5338263666265,fake
1203,4965.635335885385,3026.3395315422404,fake
1204,5196.956818037934,1096.191225852177,fake
1205,5205.392499568697,1811.0211781000864,fake
1206,5284.394305436403,1552.0855415829847,fake
1207,5088.748931740593,2907.0091754886303,fake
1208,5034.854098967542,1186.6529677219398,fake
1209,5330.174395729867,1961.4388543728044,fake
1210,5345.7130319219095,2653.7162082877226,fake
1211,5274.5775903521535,1014.9102501800822,fake
1212,5503.571197987423,1060.1612850400431,fake
1213,4986.544538109601,2561.0928428457305,fake
1214,4986.854700775647,2845.7299340006234,fake
1215,5081.661409492629,4124.349857236927,fake
1216,4956.28225297613,1661.2842582413525,fake
1217,5203.271683964742,280.18101293702074,fake
1218,5023.110371256794,1603.1959192514296,fake
1219,4946.385514869632,1536.8396554418432,fake
1220,4641.821458969872,2883.636237284493,fake
1221,4637.234726081796,2678.928640990854,fake
1222,4434.9601575299275,5678.119534446199,fake
1223,4815.430845703183,2340.1540170602843,real
1224,4925.89148405349,1206.0899064096006,fake
1225,4030.0173566607364,5008.360121836416,fake
1226,-4543.314980592216,2301.7353899428717,fake
1227,-4737.547674769869,2509.5824127332758,fake
1228,-4429.971567752199,3069.162516259714,fake
1229,-4406.158352054099,2664.4897375935047,fake
1230,-4449.0711002688395,2040.9873352984514,fake
1231,-4459.611726135029,2474.50110350398,fake
1232,-4406.502911321242,2355.3449160668174,fake
1233,-4531.809311097493,2487.8935950710197,fake
1234,-4314.10170940005,1822.1923449558576,fake
1235,-4291.798187989615,1720.0676824208258,fake
1236,-4217.662936208162,1396.7920776396777,fake
1237,-4331.499848480789,1312.554539699337,fake
1238,-4467.642904676706,1388.2972149794937,fake
1239,-4580.306804624871,1455.8011280169362,fake
1240,-4599.209278725512,1311.6766511407777,fake
1241,-4392.902870772228,1134.3710805229778,fake
1242,-4374.286711058662,901.1279750300082,fake
1243,-4559.404278647317,871.3763769258322,fake
1244,-4688.837965978926,840.0047208679186,fake
1245,-4592.297486566863,253.95195186277672,fake
1246,-4833.122419582901,869.6802026429566,fake
1247,-4784.345287362045,442.5392398475094,fake
1248,-4585.20065368159,-16.61469869459985,fake
1249,-4709.971891565475,-412.1164647963483,fake
1250,-4973.171721074167,-441.58531467962655,fake
1251,-5159.013794474103,-527.7520852693049,fake
1252,-5118.947352681529,-846.0481960591114,fake
1253,-5237.230943664014,-1043.7596204867782,fake
1254,-5228.577813015806,-1633.304111592246,fake
1255,-5537.947641570278,-1647.6113065991856,real
1256,-5244.09537581849,-1128.099636394754,fake
1257,-5338.202267446617,-722.8834314747214,fake
1258,-5004.361894324136,-840.8556823874154,fake
1259,-4950.446837422538,-697.9784901073671,fake
1260,-4734.117010785402,-401.3605982513208,fake
1261,-4700.765534316508,514.7266336510608,fake
1262,-4546.945336987258,891.1527805306355,fake
1263,-4678.619228614822,690.8628168667075,fake
1264,-4591.600159196491,1198.7904919168575,fake
1265,-4543.90086271503,1385.4111319399717,fake
1266,-4263.14828822681,1558.2837282464268,fake
1267,-4073.4897247168346,2184.4099762873193,fake
1268,-4232.190152388372,2451.9900401827363,fake
1269,-4177.662721502359,2749.5024107521285,fake
1270,-3115.174892261735,3743.611649012343,fake
1271,-3366.824429457882,4196.514764878027,fake
1272,-3299.4218607996327,4736.6634039728815,fake
1273,-1982.1654298452847,4835.635605490021,fake
1274,-2571.5654910902285,5624.347482552717,fake
1275,-1791.3353589704245,5582.282062458646,fake
1276,-570.1793684314113,6064.065816961984,fake
1277,3239.9330345770863,4292.037605695852,fake
1278,2913.516503428353,5164.222329024245,fake
1279,2374.8609578041037,6150.197273154739,fake
1280,2425.683552719689,6479.524962029936,fake
1281,2849.773149941462,6599.049460041078,fake
1282,4993.82605225899,2845.874979829906,fake
1283,4044.391291133158,5604.2636313129005,fake
1284,4061.520584990771,4805.684054795483,fake
1285,5080.861543994782,1858.2115560953575,fake
1286,4790.792185075231,2955.3612358589075,fake
1287,-6212.7360687040045,640.1766268351943,real
1288,4655.547028978422,2739.4396373918116,fake
1289,-6273.591764084045,1412.5295357449288,fake
1290,-6124.155751457981,1161.824643605237,fake
1291,-6038.441194496398,1002.3507880222231,fake
1292,-5875.494225388811,847.4402015822757,fake
1293,-5874.490893485899,711.3009549667197,fake
1294,-5654.980565236088,391.78291405251474,fake
1295,-5701.35138556466,316.64509670674465,fake
1296,-5767.541078309802,1028.6361326096078,fake
1297,-5452.913195646001,-23.397708946725952,fake
1298,-5555.497431833974,840.9425993819548,fake
1299,-5468.3671450999855,616.3291945080407,fake
1300,-5140.883240935307,212.24720187382783,fake
1301,-5130.956744845817,214.74043410021875,fake
1302,-5027.01645222222,425.09415141631706,fake
1303,-4752.5257453217,-347.1454390917716,fake
1304,-4413.236196936304,-538.3686555582547,fake
1305,-4369.057355139053,-356.41966027035727,fake
1306,-3778.8485216962767,-221.56961107558138,fake
1307,-3946.4220173331873,-285.7976835003019,fake
1308,-3682.9555255146984,-185.9661561978856,fake
1309,-695.0882262381222,617.3163826908351,fake
1310,-304.03633393828477,122.96193229276618,fake
1311,-128.45885815963442,-142.897439965296,fake
1312,310.25448999351175,-581.7016036318173,fake
1313,398.8218205672995,-703.0710340542312,fake
1314,566.6733647685036,-900.6416751279828,fake
1315,984.7807641568901,-895.7689085757241,fake
1316,1156.8408802887725,-1460.0430470715664,fake
1317,975.3582879045366,-1005.4547013289517,fake
1318,1186.978412806402,-1142.0441566190489,fake
1319,1445.741551659085,-1659.2555645014227,real
1320,1413.5550355561588,-1436.237049645146,fake
1321,1549.5887663219007,-1542.2968456626652,fake
1322,1265.3024807341505,-1303.7650511170973,fake
1323,1379.000052209856,-1492.213679279187,fake
1324,1613.2799080159193,-1861.3733342287608,fake
1325,1294.6660875161972,-883.8169902391967,fake
1326,949.872796598823,-1262.2441810687208,fake
1327,677.4123861121599,-1080.4380677578883,fake
1328,-625.3877257122181,-120.43018288274965,fake
1329,-579.6629573901687,129.40708089614907,fake
1330,-264.58261475468333,-599.2372549767298,fake
1331,87.4173376867698,-1505.1586105863037,fake
1332,-949.8634603451786,-1339.1429448686577,fake
1333,-977.9034402784365,-1222.3609285842322,fake
1334,-1264.4139186082234,-877.8963344648821,fake
1335,-1162.635567081591,-1651.9753670507355,fake
1336,-1077.7753120896637,-1816.747031422287,fake
1337,-1405.7156465962264,-822.1910272122416,fake
1338,-1151.2391410553212,-1399.487668906817,fake
1339,-1115.2759499292158,-1455.2477351197579,fake
1340,-1164.3208812171163,-1358.81216813866,fake
1341,-1332.2787725549479,-746.3629716215756,fake
1342,-1192.2954767745389,-1077.4245924996583,fake
1343,-1075.2960874578278,-968.1887947691956,fake
1344,-1402.1357434933182,-787.8739148382198,fake
1345,-1201.4761098284673,-671.5772465160861,fake
1346,-1416.517187978365,-562.5012058375868,fake
1347,-1466.0982398357612,-493.4336305064882,fake
1348,-1398.0516226972693,-597.2450155559231,fake
1349,-1716.4617833067766,-310.121504860862,fake
1350,-1673.3452075472821,-466.36170573619205,fake
1351,-1691.3012645219505,-839.8972695995134,real
1352,-794.6029294899336,-876.4580930020841,real
1353,-748.8205943875689,-1038.8744064108494,fake
1354,-928.1549103537423,-56.81183539733018,fake
1355,-936.5722590105357,155.9070482931464,fake
1356,-1106.847089057825,2.8340888670363826,fake
1357,-912.5360315904397,-82.97239823311844,fake
1358,-1028.8260828330035,386.165988967072,fake
1359,-1097.7871018606413,378.54966958268574,fake
1360,-1170.9686885891615,871.464795580334,fake
1361,-1112.3006454752742,1089.936706730568,fake
1362,-1377.6586468557784,672.9328426173613,fake
1363,-1476.2087790096302,1433.2190257701327,fake
1364,-1561.26212419795,953.7834911407916,fake
1365,-1454.9456036156505,1510.7464709870035,fake
1366,-1544.8147295302986,1538.381424727345,fake
1367,-1559.9239903806697,1596.9714548833142,fake
1368,-1766.3966401653715,1773.3725781062296,fake
1369,-1898.1634877843535,1942.3399950037372,fake
1370,-2038.3920656008993,2149.976533058702,fake
1371,-1793.5074060623201,2257.767541364284,fake
1372,-1921.1294423869563,2023.006470498767,fake
1373,-2066.4597035082406,2605.2999967979213,fake
1374,-2196.135755006045,2536.084055386507,fake
1375,-2311.6460334815606,2798.2431870725,fake
1376,-2465.6686327393345,2875.1982314710267,fake
1377,-2608.679134098359,2999.6114967534113,fake
1378,-2607.3560890236126,2669.372335969449,fake
1379,-2737.0805908161765,3544.809258454824,fake
1380,-2768.972576868716,3111.4788478223422,fake
1381,-3006.285595350162,3066.492951543917,fake
1382,-3099.5583868828803,3400.6343299899013,fake
1383,-3138.611561125795,3743.6799175399606,fake
1384,-3158.006661059931,3249.669629862595,fake
1385,-3145.2281049836943,3336.077218152305,fake
1386,-3370.998810911736,3514.1614610628308,fake
1387,-3424.7079533228425,3405.180255877538,fake
1388,-3581.6348107386757,3299.8927560564844,fake
1389,-3583.624895410515,3303.97059565385,fake
1390,-3809.0609591598845,3788.402446663489,fake
1391,-3818.211207950285,3566.474107930387,fake
1392,-4002.363796153516,3699.028211069832,fake
1393,-3900.8465681199664,3437.271344817512,fake
1394,-3985.902337833278,3525.6132107957624,fake
1395,-4026.199749143519,4124.20807946611,fake
1396,-4310.112873881578,3459.801524671747,fake
1397,-4337.8645676388305,3467.5518465517516,fake
1398,-4440.631512526967,3582.8857956450724,fake
1399,-4443.653028392566,3370.1730037175166,fake
1400,-4711.92719809955,3628.9800484217385,fake
1401,-4624.2466593063,3423.613681454577,fake
1402,-4646.368774034609,3406.5605391236127,fake
1403,-4726.69844690013,3376.995542301883,fake
1404,-4862.587605177384,3388.0199068656643,fake
1405,-4921.421062124056,3388.7079031279022,fake
1406,-4983.994313628422,3075.4892843523185,fake
1407,-5063.232219790594,2902.93918593116,fake
1408,-5290.256558568488,3224.7215395609337,fake
1409,-4974.670161821152,3078.4086526484916,fake
1410,-5273.801768779782,2963.066121891744,fake
1411,-5356.047881710591,2905.242715306288,fake
1412,-5829.74873954004,2950.0994313176034,fake
1413,-5463.767268029582,2489.82776826497,fake
1414,-5880.8127097202605,2850.030315140397,fake
1415,-5956.821214114724,2792.014765270478,fake
1416,-5806.152239512514,2428.3628628753995,real
1417,-5782.293147156557,2825.0907867977417,fake
1418,-5826.997547918818,3008.964066030662,fake
1419,-5497.170150224414,2587.922817909119,fake
1420,-5560.828534155808,2891.4159530715197,fake
1421,-5457.128492458749,3750.261981002035,fake
1422,-5332.971383373038,4093.2065163016446,fake
1423,-5339.056594208991,3584.2456681435806,fake
1424,-5355.52346299847,4753.67940618836,fake
1425,4214.060897329489,2071.1281918336445,fake
1426,4183.787819844841,1683.3121892504998,fake
1427,4148.2154026419175,3992.708054619727,fake
1428,4259.3176838457075,3102.136736303223,fake
1429,4549.530221006371,1903.4696520704588,fake
1430,4343.188771465134,2207.4847116641713,fake
1431,4424.359790353826,1901.9237451026947,fake
1432,4470.478085619268,3593.623754730536,fake
1433,4611.775635485391,2059.3835903978475,fake
1434,4580.64909725383,1952.4053081878299,fake
1435,4616.715045640417,2029.106468523295,fake
1436,4761.390258984613,2547.794123867057,fake
1437,4896.870936809271,2021.0999529393603,fake
1438,4563.002639816585,3767.0886264213873,fake
1439,4633.772222080921,1544.4401008092398,fake
1440,4792.483166089242,2805.223632310827,fake
1441,4362.500657884093,1914.58272266019,fake
1442,4655.40301464002,744.9244730627905,fake
1443,4861.8042891674895,1482.630152321017,fake
1444,4791.966456236858,2550.8114742135126,fake
1445,4839.039598766396,1060.7826443358654,fake
1446,4875.269641417429,1385.0028513319896,fake
1447,4754.038510433462,1912.821073688432,fake
1448,4971.7919168309745,2156.9399976222057,real
1449,4944.077031824704,958.8866892036424,fake
1450,4916.195897559412,1966.773154348876,fake
1451,4974.463636147391,1848.680025722107,fake
1452,4873.534522399642,1210.238216581215,fake
1453,5014.444699982375,3804.638531033626,fake
1454,4864.199880705979,3390.475309949656,fake
1455,4920.040272518037,2449.9579812764937,fake
1456,4685.567120316849,4814.495308534608,fake
1457,4892.995642175042,1135.844004243336,fake
1458,4942.314498554549,3652.9593206752993,fake
1459,4890.463446284048,1820.2881967493406,fake
1460,4879.5786736257805,2586.6872343880564,fake
1461,5286.647295612908,2443.975098750722,fake
1462,5093.562846007472,2521.56327802718,fake
1463,5081.039518829936,2883.601335161381,fake
1464,5288.622268619591,974.8064347613675,fake
1465,4900.870232568168,4034.801176638028,fake
1466,5071.9426529325265,2966.434207649496,fake
1467,5254.967921554749,3354.0519433378654,fake
1468,4916.075090645334,2791.057081986253,fake
1469,5042.079476850493,2674.1803571615364,fake
1470,4840.478779247934,4353.172349159324,fake
1471,4868.68761895776,3412.4919029085436,fake
1472,5072.660538518353,2721.294474592775,fake
1473,4534.197598302309,4611.30097855001,fake
1474,4684.659769459544,4258.956960186588,fake
1475,5079.745640255458,1887.7708070578099,fake
1476,5042.509750312133,2353.3327954681313,fake
1477,5028.0234466726315,1830.5045687821037,fake
1478,5113.440381879867,1541.4100850025152,fake
1479,4938.475948003613,2276.6333283632707,fake
1480,4683.7921174168805,2650.3497879090196,real
1481,4997.7738364131155,1230.015850931776,fake
1482,5028.8776438515515,2336.3243152054524,fake
1483,4664.953127839065,3080.6348923484697,fake
1484,-6545.222360079319,-315.1994864381625,fake
1485,-6473.463312199549,333.38479845084663,fake
1486,-6204.245677043562,256.5243405830241,fake
1487,-6280.212959083356,17.475883604348784,fake
1488,-5901.657914180138,-853.8052287737838,fake
1489,-5774.125458442717,-333.0885264291011,fake
1490,-6048.433420962239,-315.4415483552743,fake
1491,-5780.562127539975,-28.476901537263092,fake
1492,-5558.2639286241565,-879.7986492149149,fake
1493,-5594.3452162174835,-1061.8246523560122,fake
1494,-5301.168964991476,-1204.343395052806,fake
1495,-5309.492182107481,-1288.2156671807788,fake
1496,-5198.256692057129,-1451.2100478898633,fake
1497,-5023.469447043076,-1827.3174740993145,fake
1498,-5019.085479181294,-1901.9446229286032,fake
1499,-4804.868998595639,-1733.1683339588355,fake
1500,-4904.131223054031,-2209.011287128927,fake
1501,-4883.365304265711,-2001.9320977919338,fake
1502,-5007.89302114181,-2011.2817203548002,fake
1503,-4578.5089742191,-2627.528658339107,fake
1504,-4571.301418950737,-2786.7535674475685,fake
1505,-4615.555368666272,-2896.6243509884894,fake
1506,-4695.180208763496,-3088.7144136087645,fake
1507,-4483.731606959702,-3065.7871147700394,fake
1508,-4419.9274497942315,-3606.8743279208948,fake
1509,-4630.34896088799,-3057.91849661575,fake
1510,-4297.381984920097,-4142.272406855643,fake
1511,-4251.762058703112,-3947.412552676137,fake
1512,-4305.701206160467,-4535.890186354713,real
1513,-4237.489831710917,-4498.633662089213,fake
1514,-4079.555243305656,-4587.28666005957,fake
1515,-4197.134207233443,-4024.38812598079,fake
1516,-3833.106075259744,-4935.674874059201,fake
1517,-3694.4254297269963,-5075.550018404868,fake
1518,-3765.2545728428727,-4437.81082677952,fake
1519,-3744.91367828863,-4528.717660933082,fake
1520,-3174.934972055733,-5181.0771848871145,fake
1521,-3536.326457161165,-4387.921653006741,fake
1522,-3357.9001634909973,-4505.77667643389,fake
1523,-3172.687631092079,-4769.763520488975,fake
1524,-2945.901736689162,-4833.646907677654,fake
1525,-3064.1013123655753,-4592.408469211886,fake
1526,-2952.990519727863,-4740.513494326688,fake
1527,-2902.9930919214294,-4509.453733286774,fake
1528,-2727.0162235454045,-4425.618526447275,fake
1529,-2512.1904302924095,-4433.014150395616,fake
1530,-2481.219068206531,-4023.057997193848,fake
1531,-2462.8590639761383,-3554.457567297226,fake
1532,-2420.171344652919,-3197.12289659906,fake
1533,-2321.138952316072,-2796.024394572938,fake
1534,-2311.4756503444905,-2448.820374335744,fake
1535,-1836.4064966962646,-3156.9321711552657,fake
1536,-2093.675329050793,-2401.486598994798,fake
1537,-1990.6016871444845,-2102.0646412089845,fake
1538,-1914.6771028440342,-1424.5876666241218,fake
1539,-1870.4325404309348,-1210.1236723874852,fake
1540,-1978.5496941598656,-590.2886638896781,fake
1541,-2034.0499369088623,-167.1456997775069,fake
1542,-2049.1705586293465,141.48390154493595,fake
1543,-1926.0284396971745,1078.545906952791,fake
1544,-2163.587285758758,772.8779766412226,real
1545,-33.61846453989769,-3723.713789363339,real
1546,35.978484990782576,-3409.7659648683634,fake
1547,40.994923531437834,-3467.287165213862,fake
1548,67.49174622664891,-3496.1525681803164,fake
1549,94.5346229408217,-3285.1197849831124,fake
1550,-8.409165770451327,-3135.595227279585,fake
1551,25.001911230582436,-3018.9465471255053,fake
1552,45.29575177018047,-2745.1416030224195,fake
1553,-134.46918150011638,-2138.6070102032454,fake
1554,98.47428694156618,-2497.40403625506,fake
1555,31.430216615619585,-2416.5874675433233,fake
1556,-43.009593894425514,-2128.491309087175,fake
1557,-38.51349782302642,-2021.4319188575766,fake
1558,-43.365831834119156,-1768.4938646834642,fake
1559,-356.9591257577048,-1727.0044230497917,fake
1560,-520.522186078334,-1185.5348754313197,fake
1561,-160.81964001677235,-1439.0488191228833,fake
1562,-470.9903540432728,-1011.6282870288883,fake
1563,-322.08586262359654,-1504.3076180544338,fake
1564,-598.7247785316946,-925.4196136668616,fake
1565,-640.8213062891193,-838.0762394820083,fake
1566,-564.9885684715397,-836.3434834415575,fake
1567,-817.2311802657392,-510.326123480443,fake
1568,-820.2664708639222,-610.5461658790608,fake
1569,-1065.255853684012,-192.7885869038912,fake
1570,-819.0786649412622,-404.4706597672514,fake
1571,-972.4120335272751,-608.0573262912608,fake
1572,-844.9043697625294,-673.7805549498252,fake
1573,-967.0172385548747,-366.80776223643954,fake
1574,-1085.0020086713698,-351.79503492738297,fake
1575,-1022.65497746991,-36.614627158207846,fake
1576,-1384.7794693387254,396.3042797651067,fake
1577,-1394.1568378600437,626.3756801484708,fake
1578,-1192.5451897582273,111.23367578117586,fake
1579,-1576.4857915468117,298.6682989017609,fake
1580,-1425.4204812443495,40.32153991639888,fake
1581,-1745.6154629557843,511.31710296610476,fake
1582,-1675.032393276997,519.2598039870925,fake
1583,-1722.1850292068027,274.84812987164264,fake
1584,-1971.401491311502,646.3040465603115,fake
1585,-2186.025689043534,796.8456877667386,fake
1586,-2637.9322322628404,1038.1490280543417,fake
1587,-2583.3661070256253,1458.9563395156206,fake
1588,-2716.2220747454057,1448.562857270588,fake
1589,-2833.693975882937,1256.8544639314339,fake
1590,-2540.022111387738,1169.880504620116,fake
1591,-2563.1108883415,1200.3941348887056,fake
1592,-3219.2988024076176,1450.901321880964,fake
1593,-3472.21372072982,1776.804275945157,fake
1594,-3208.4438135595306,1726.1077538368743,fake
1595,-3752.5704788830217,2327.7990119477977,fake
1596,-4147.072599926831,2409.536806527877,fake
1597,-4218.912694280654,2669.6918247194685,fake
1598,-3983.52132688449,2030.2560817538254,fake
1599,-4103.149797507998,2119.799712440332,fake
1600,-4424.9687070657565,2398.6906712197574,fake
1601,-4892.997088135245,3073.694518331047,fake
1602,-4881.268898738471,3004.3454088601757,fake
1603,-4771.394041293083,2763.6988744381383,fake
1604,-4778.757871322291,2577.2612920246693,fake
1605,-4950.773766618941,2582.528625916,fake
1606,-5412.6142539335815,2728.1786860088514,fake
1607,-5377.361750341639,2718.2602627560286,fake
1608,-5719.203751799669,2292.7976196503655,fake
1609,-6223.914046811417,2417.2696585903313,real
1610,-5481.826970591128,2866.2767513557933,fake
1611,-5356.612383961156,3223.382539933639,fake
1612,-5612.028512105362,3462.100090706775,fake
1613,-5371.014708901833,3541.7251278251733,fake
1614,-5027.2322073437,3188.506449552249,fake
1615,-4688.147297210671,4075.330139588661,fake
1616,-4491.669005839763,4271.829973259559,fake
1617,-4327.82171855687,4363.6953401637065,fake
1618,-4251.531758194028,4822.567279566491,fake
1619,-3999.193049155847,4802.36230170768,fake
1620,-3686.3924632935286,5047.591170787933,fake
1621,-4000.672214003231,5054.776874842307,fake
1622,-3704.469103693441,4837.427596686242,fake
1623,-3715.4803001216346,5310.043457013028,fake
1624,-3847.926070654432,5118.922535576851,fake
1625,-3542.045683645276,5659.442719015439,fake
1626,-3689.817527508778,5458.746304251091,fake
1627,-3562.1341756556526,5445.254225253501,fake
1628,-3937.254529096328,5392.076414808155,fake
1629,-3879.7483496448476,5821.9992391162,fake
1630,-3802.5150050830684,5810.457704872286,fake
1631,-2865.0258343322885,5785.586470423636,fake
1632,-2787.9404870888284,6109.6394903611035,fake
1633,-3667.6683914181845,5795.362857707257,fake
1634,-3109.2913210202178,5497.991836255945,fake
1635,3689.036041627769,3582.6222366255624,fake
1636,3843.357015454271,737.3681415121519,fake
1637,4119.647993338534,2464.085176485115,fake
1638,4214.725245211348,2988.027080098679,fake
1639,4252.789935440781,3082.02741044072,fake
1640,4522.0807448113055,3004.670140176827,fake
1641,-2941.6986995917628,6059.559445261485,real
1642,4318.790064571674,4740.4407280649375,fake
1643,4534.36298685274,2225.0421066605863,fake
1644,4159.703585397681,2814.5012279929856,fake
1645,4300.290245707737,1811.6019794166511,fake
1646,4225.972772618151,3139.999189324411,fake
1647,-2501.19506278052,6407.977926096904,fake
1648,4269.703725735877,4169.095596776712,fake
1649,2162.744001440745,5082.097054649509,fake
1650,4324.029666707206,3497.609984812656,fake
1651,3844.599400238232,4179.136468879718,fake
1652,2357.506862356973,4127.768455803156,fake
1653,2403.6607199772734,3993.448305968505,fake
1654,2920.6132780759262,3844.7840281127883,fake
1655,3097.698208083369,3967.215290472508,fake
1656,2526.204007815005,4930.286067323385,fake
1657,2640.8774946155413,4177.916182891764,fake
1658,2764.16858077204,4272.339684245865,fake
1659,3326.8326936189796,3393.0186629215887,fake
1660,2626.1560039340293,5009.932664175349,fake
1661,2905.185142301081,4551.997359928362,fake
1662,3616.6935856679343,3168.0441290438935,fake
1663,3685.809910019104,3058.686499578255,fake
1664,3680.5363528183625,4072.907933095078,fake
1665,3724.425129128346,2989.1290854506033,fake
1666,3830.2189665860787,2680.503390079209,fake
1667,3917.904388119122,2953.051049701782,fake
1668,3504.3585222068855,3177.621879198692,fake
1669,3854.323273727543,2398.727337127497,fake
1670,3721.2213048475646,3051.011517788951,fake
1671,3669.4924489682085,2217.466135992221,fake
1672,4306.794903009209,1484.985050594875,fake
1673,3618.370630915333,2513.667528183968,real
1674,3743.3917863755332,2013.2877077349222,fake
1675,3316.6947502533894,1915.5874616066828,fake
1676,2661.791685299374,2593.631951838768,fake
1677,3129.4865150572573,1008.4548803427957,fake
1678,2514.2334601824778,999.2971466910489,fake
1679,572.6592244351826,2842.5700169984148,fake
1680,106.38909954379156,2617.7937122743856,fake
1681,-759.9929288859,2761.2779992095434,fake
1682,-2304.9954180207556,3132.487367681539,fake
1683,-2458.688655571413,2619.0063251720635,fake
1684,-2759.706610333865,2315.8425792126723,fake
1685,-2791.88468421378,1864.5906096128604,fake
1686,-3334.6571537485474,2235.2277340842584,fake
1687,-3004.959711273325,1130.4337892008718,fake
1688,-2867.063723093863,629.5517285130286,fake
1689,-2662.685899721486,439.93751505651124,fake
1690,-2779.616787139087,770.7318772772062,fake
1691,-2521.4734520462453,104.02099158748949,fake
1692,-2276.422841288677,61.34367275926658,fake
1693,-2241.1208637529453,-79.0257304169434,fake
1694,-1951.3818672446384,-746.7245602760131,fake
1695,-2057.1598252170165,-403.43745476332543,fake
1696,-1903.3906483844698,-1068.2331947958496,fake
1697,-1545.3375126661904,-1559.5572116545252,fake
1698,-1623.4139154954894,-1024.8445686397806,fake
1699,-1505.9003803447429,-1568.7401492863037,fake
1700,-1604.5670851630268,-1306.3117470136144,fake
1701,-1408.7469533426647,-1629.2995159538661,fake
1702,-1147.5061797351664,-2241.551187480816,fake
1703,-1054.8751912041582,-2671.5527278794552,fake
1704,-942.5398946931036,-2489.780138809401,fake
1705,-821.7904219736158,-3257.9564622664952,real
1706,-766.9260551263692,-2588.3315114515135,fake
1707,-1109.6305798263336,-1520.873989385876,fake
1708,-1020.8775632861144,-1765.0288531929866,fake
1709,-732.4922565794443,-2343.4219615460543,fake
1710,-1300.8795178159176,-503.90139685940704,fake
1711,-1088.4521442041696,-1128.2100807609606,fake
1712,-1159.3439984851611,-579.1859380393169,fake
1713,-1158.1928552300656,-857.1120793463502,fake
1714,-1145.586431422244,-353.3624735361509,fake
1715,-1110.3010037202987,-264.0882531299376,fake
1716,-1224.8717757329268,-299.6515625277423,fake
1717,-875.7892954572685,14.891307771704023,fake
1718,-776.0775203266782,-266.43360743876417,fake
1719,-1847.177298031048,695.4713618985397,fake
1720,-1950.2041468689674,911.0260425997642,fake
1721,-2562.8056820278975,1113.3768144507674,fake
1722,-1993.322795559508,1187.8844795922923,fake
1723,-2130.881884159163,578.1023406964522,fake
1724,-1967.7852656434122,574.4862138789396,fake
1725,-2377.797096509991,-96.43298581322175,fake
1726,-2542.21985138956,1029.4179621766395,fake
1727,-2404.064754055839,591.048681388777,fake
1728,-2583.1626908254566,366.5988278377334,fake
1729,-2436.360311407833,-236.53237331922787,fake
1730,-2138.364245664568,-1081.6831915507978,fake
1731,-2358.962459683631,0.9326723427426672,fake
1732,-2389.374792667096,-324.08822122059485,fake
1733,-2032.6829484327332,-1037.5211283545982,fake
1734,-2335.55509256169,-608.448925058578,fake
1735,-2167.8567697919466,-1349.911354224609,fake
1736,5691.261354321549,-3719.9482401290597,fake
1737,5699.943343928675,-2965.9487871600013,real
1738,7548.8681253704635,-4642.112705699695,real
1739,6986.474642185793,-5140.388629142455,fake
1740,6980.712946837439,-3831.560045028567,fake
1741,7139.0006514596325,-2621.6542547323843,fake
1742,7213.4483414317065,-2028.3569337734107,fake
1743,6931.346755051065,-1140.957627860282,fake
1744,6730.002013403696,-4042.593058936362,fake
1745,6580.97366422811,-2654.945899788015,fake
1746,6288.063780270141,-2554.215830222599,fake
1747,6433.124296930455,-2551.073944347847,fake
1748,6571.458051451367,-2571.9259390826473,fake
1749,6136.521297476249,-629.8782772478337,fake
1750,5696.490649425172,590.9536038926376,fake
1751,5746.737583303149,363.4324308917677,fake
1752,6157.6966734243815,12.842956891120625,fake
1753,5592.462157525472,798.2281279162453,fake
1754,5571.23374999258,-343.4536632459333,fake
1755,5475.558897728956,-280.7794762059154,fake
1756,5665.9607028932005,363.2360493292408,fake
1757,5175.962616330389,-1431.8451552435038,fake
1758,5364.273870025178,747.5025780656812,fake
1759,5218.234609425605,787.8186925393492,fake
1760,4977.806885136734,-658.7910513658921,fake
1761,5199.076518982425,-239.34033204191508,fake
1762,5486.867731402619,-79.72331840134562,fake
1763,5191.611965870492,-517.4018665508128,fake
1764,5142.196550474409,-1021.7299831133348,fake
1765,5054.84303959592,-206.84036627527993,fake
1766,5164.668136413207,-791.2906073247153,fake
1767,5173.483906932934,-1412.2626506839156,fake
1768,5051.796518841117,-1960.2584023410957,fake
1769,4891.248544011568,-1527.4851081489599,fake
1770,4839.78949939633,-908.0374746133932,fake
1771,5076.652399623003,5.112650608968184,fake
1772,4896.344292273309,-767.0023960905905,fake
1773,5058.462696086554,-781.6393413485262,fake
1774,4842.890852927996,-566.8225685884851,fake
1775,4832.7191778609285,-748.4199184782111,fake
1776,4888.158267367529,356.2833413097891,fake
1777,4725.083707416767,-663.1997731666719,fake
1778,4707.049083278255,1032.2978845365076,fake
1779,4940.270265050497,131.3847843383271,fake
1780,4813.981720890214,344.68532756293916,fake
1781,4752.28193745955,-207.7808505956085,fake
1782,4875.127588455526,425.87071062586375,fake
1783,4918.235412071413,75.95787633682001,fake
1784,4853.641009919764,-161.02505265392227,fake
1785,4718.732395906639,45.8756410447019,fake
1786,4658.4864448806,-514.9278659659466,fake
1787,4696.227016527153,796.4218773034445,fake
1788,4619.845004133811,220.548181415651,fake
1789,4724.812475087142,-55.803305641819094,fake
1790,4677.080832423706,760.5092685582708,fake
1791,4547.471538687001,1525.8739169491041,fake
1792,4553.882154005852,888.1929116453719,fake
1793,4945.328712476887,77.97505103353548,fake
1794,4532.537646265463,332.38667462840755,fake
1795,4450.769242198161,1289.3315870220283,fake
1796,4622.9706215665665,-343.3630096905314,fake
1797,4652.36900163802,-228.42161574207853,fake
1798,4528.273366002993,665.1801143377988,fake
1799,4389.846765415655,674.7972031904171,fake
1800,4259.726842017866,1412.9818405704243,fake
1801,4171.368137084663,338.41675960543904,fake
1802,4102.341676494095,581.3040175977849,real
1803,4218.251728298015,1798.5844529363937,fake
1804,4316.939807775067,500.74941046137997,fake
1805,4381.838610565685,517.3248890280972,fake
1806,4431.851420667,513.7271381083187,fake
1807,4507.696518494602,1206.3657580766103,fake
1808,4458.14845096185,1902.8921290200785,fake
1809,4291.814252405879,1044.2313527956649,fake
1810,4577.08832067384,-335.24473008101427,fake
1811,4183.997449238993,1345.8649963632581,fake
1812,4405.619824076416,-174.74998863910594,fake
1813,4447.03538993447,1402.1503044301187,fake
1814,4238.575507513356,1402.3396804144952,fake
1815,3774.4259649227765,5121.35008707292,fake
1816,3866.765638603721,3708.9498122935524,fake
1817,4417.548153575759,932.4464621013307,fake
1818,4059.068406112583,1773.6315801828382,fake
1819,4115.318907066703,1723.6605825390527,fake
1820,4030.4377425134157,4129.101285596398,fake
1821,4076.3982798004868,1406.564537115021,fake
1822,4036.8839081017722,3617.230150663442,fake
1823,4053.6367449576596,3683.2936556868785,fake
1824,4265.5598882890445,1942.5609630933313,fake
1825,4207.743507794493,192.2255274702635,fake
1826,4160.928058269991,583.1024412771438,fake
1827,3949.3473999025077,3227.9940214319013,fake
1828,4233.368966822692,1875.018912810965,fake
1829,4196.825166922287,4677.947218983549,fake
1830,4123.568394044238,4490.295880604839,fake
1831,4432.5469314734755,4155.270516299177,fake
1832,4489.270900417822,2267.845879841804,fake
1833,4200.128767190143,3138.096949827504,fake
1834,-2931.4085944151298,6074.730187577844,real
1835,4329.0801697173565,4755.61147013255,fake
1836,4544.653092191629,2240.2128488692924,fake
1837,4169.993690476915,2829.671970063298,fake
1838,4310.580350808381,1826.7727216327435,fake
1839,4236.262877868443,3155.169931402359,fake
1840,-2490.904957449535,6423.148668443592,fake
1841,4279.9938308290375,4184.266338834243,fake
1842,2173.034106638424,5097.26779685649,fake
1843,4334.319771824552,3512.7807272522327,fake
1844,3854.889505427999,4194.307210929606,fake
1845,2367.7969674505684,4142.939197848198,fake
1846,2413.950825096469,4008.6190480235928,fake
1847,2930.903383319486,3859.954770333285,fake
1848,3107.988313377808,3982.3860328981837,fake
1849,2536.494113048658,4945.456809616361,fake
1850,2651.1675997724265,4193.086924923002,fake
1851,2774.4586859076003,4287.510426432006,fake
1852,3337.1227988237592,3408.189405037337,fake
